_links/self/href,_links/competition/href,_links/homeTeam/href,_links/awayTeam/href,date,status,matchday,homeTeamName,awayTeamName,result/goalsHomeTeam,result/goalsAwayTeam,odds,result/halfTime/goalsHomeTeam,result/halfTime/goalsAwayTeam
http://api.football-data.org/v1/fixtures/147075,http://api.football-data.org/v1/competitions/398,http://api.football-data.org/v1/teams/66,http://api.football-data.org/v1/teams/73,2015-08-08T11:45:00Z,FINISHED,1,Manchester United FC,Tottenham Hotspur FC,1,0,,,
http://api.football-data.org/v1/fixtures/147073,http://api.football-data.org/v1/competitions/398,http://api.football-data.org/v1/teams/62,http://api.football-data.org/v1/teams/346,2015-08-08T14:00:00Z,FINISHED,1,Everton FC,Watford FC,2,2,,,
http://api.football-data.org/v1/fixtures/147117,http://api.football-data.org/v1/competitions/398,http://api.football-data.org/v1/teams/1044,http://api.football-data.org/v1/teams/58,2015-08-08T14:00:00Z,FINISHED,1,AFC Bournemouth,Aston Villa FC,0,1,,,
http://api.football-data.org/v1/fixtures/147074,http://api.football-data.org/v1/competitions/398,http://api.football-data.org/v1/teams/338,http://api.football-data.org/v1/teams/71,2015-08-08T14:00:00Z,FINISHED,1,Leicester City FC,Sunderland AFC,4,2,,,
http://api.football-data.org/v1/fixtures/147077,http://api.football-data.org/v1/competitions/398,http://api.football-data.org/v1/teams/68,http://api.football-data.org/v1/teams/354,2015-08-08T14:00:00Z,FINISHED,1,Norwich City FC,Crystal Palace FC,1,3,,,
http://api.football-data.org/v1/fixtures/147072,http://api.football-data.org/v1/competitions/398,http://api.football-data.org/v1/teams/61,http://api.football-data.org/v1/teams/72,2015-08-08T16:30:00Z,FINISHED,1,Chelsea FC,Swansea City FC,2,2,,,
http://api.football-data.org/v1/fixtures/147071,http://api.football-data.org/v1/competitions/398,http://api.football-data.org/v1/teams/57,http://api.football-data.org/v1/teams/563,2015-08-09T12:30:00Z,FINISHED,1,Arsenal FC,West Ham United FC,0,2,,,
http://api.football-data.org/v1/fixtures/147076,http://api.football-data.org/v1/competitions/398,http://api.football-data.org/v1/teams/67,http://api.football-data.org/v1/teams/340,2015-08-09T12:30:00Z,FINISHED,1,Newcastle United FC,Southampton FC,2,2,,,
http://api.football-data.org/v1/fixtures/147078,http://api.football-data.org/v1/competitions/398,http://api.football-data.org/v1/teams/70,http://api.football-data.org/v1/teams/64,2015-08-09T15:00:00Z,FINISHED,1,Stoke City FC,Liverpool FC,0,1,,,
http://api.football-data.org/v1/fixtures/147079,http://api.football-data.org/v1/competitions/398,http://api.football-data.org/v1/teams/74,http://api.football-data.org/v1/teams/65,2015-08-10T19:00:00Z,FINISHED,1,West Bromwich Albion FC,Manchester City FC,0,3,,,
http://api.football-data.org/v1/fixtures/147062,http://api.football-data.org/v1/competitions/398,http://api.football-data.org/v1/teams/58,http://api.football-data.org/v1/teams/66,2015-08-14T18:45:00Z,FINISHED,2,Aston Villa FC,Manchester United FC,0,1,,,
http://api.football-data.org/v1/fixtures/147065,http://api.football-data.org/v1/competitions/398,http://api.football-data.org/v1/teams/340,http://api.football-data.org/v1/teams/62,2015-08-15T11:45:00Z,FINISHED,2,Southampton FC,Everton FC,0,3,,,
http://api.football-data.org/v1/fixtures/147070,http://api.football-data.org/v1/competitions/398,http://api.football-data.org/v1/teams/563,http://api.football-data.org/v1/teams/338,2015-08-15T14:00:00Z,FINISHED,2,West Ham United FC,Leicester City FC,1,2,,,
http://api.football-data.org/v1/fixtures/147066,http://api.football-data.org/v1/competitions/398,http://api.football-data.org/v1/teams/71,http://api.football-data.org/v1/teams/68,2015-08-15T14:00:00Z,FINISHED,2,Sunderland AFC,Norwich City FC,1,3,,,
http://api.football-data.org/v1/fixtures/147067,http://api.football-data.org/v1/competitions/398,http://api.football-data.org/v1/teams/72,http://api.football-data.org/v1/teams/67,2015-08-15T14:00:00Z,FINISHED,2,Swansea City FC,Newcastle United FC,2,0,,,
http://api.football-data.org/v1/fixtures/147069,http://api.football-data.org/v1/competitions/398,http://api.football-data.org/v1/teams/346,http://api.football-data.org/v1/teams/74,2015-08-15T14:00:00Z,FINISHED,2,Watford FC,West Bromwich Albion FC,0,0,,,
http://api.football-data.org/v1/fixtures/147068,http://api.football-data.org/v1/competitions/398,http://api.football-data.org/v1/teams/73,http://api.football-data.org/v1/teams/70,2015-08-15T14:00:00Z,FINISHED,2,Tottenham Hotspur FC,Stoke City FC,2,2,,,
http://api.football-data.org/v1/fixtures/147063,http://api.football-data.org/v1/competitions/398,http://api.football-data.org/v1/teams/354,http://api.football-data.org/v1/teams/57,2015-08-16T12:30:00Z,FINISHED,2,Crystal Palace FC,Arsenal FC,1,2,,,
http://api.football-data.org/v1/fixtures/147064,http://api.football-data.org/v1/competitions/398,http://api.football-data.org/v1/teams/65,http://api.football-data.org/v1/teams/61,2015-08-16T15:00:00Z,FINISHED,2,Manchester City FC,Chelsea FC,3,0,,,
http://api.football-data.org/v1/fixtures/147116,http://api.football-data.org/v1/competitions/398,http://api.football-data.org/v1/teams/64,http://api.football-data.org/v1/teams/1044,2015-08-17T19:00:00Z,FINISHED,2,Liverpool FC,AFC Bournemouth,1,0,,,
http://api.football-data.org/v1/fixtures/147057,http://api.football-data.org/v1/competitions/398,http://api.football-data.org/v1/teams/66,http://api.football-data.org/v1/teams/67,2015-08-22T11:45:00Z,FINISHED,3,Manchester United FC,Newcastle United FC,0,0,,,
http://api.football-data.org/v1/fixtures/147056,http://api.football-data.org/v1/competitions/398,http://api.football-data.org/v1/teams/338,http://api.football-data.org/v1/teams/73,2015-08-22T14:00:00Z,FINISHED,3,Leicester City FC,Tottenham Hotspur FC,1,1,,,
http://api.football-data.org/v1/fixtures/147054,http://api.football-data.org/v1/competitions/398,http://api.football-data.org/v1/teams/354,http://api.football-data.org/v1/teams/58,2015-08-22T14:00:00Z,FINISHED,3,Crystal Palace FC,Aston Villa FC,2,1,,,
http://api.football-data.org/v1/fixtures/147058,http://api.football-data.org/v1/competitions/398,http://api.football-data.org/v1/teams/68,http://api.football-data.org/v1/teams/70,2015-08-22T14:00:00Z,FINISHED,3,Norwich City FC,Stoke City FC,1,1,,,
http://api.football-data.org/v1/fixtures/147059,http://api.football-data.org/v1/competitions/398,http://api.football-data.org/v1/teams/71,http://api.football-data.org/v1/teams/72,2015-08-22T14:00:00Z,FINISHED,3,Sunderland AFC,Swansea City FC,1,1,,,
http://api.football-data.org/v1/fixtures/147115,http://api.football-data.org/v1/competitions/398,http://api.football-data.org/v1/teams/563,http://api.football-data.org/v1/teams/1044,2015-08-22T14:00:00Z,FINISHED,3,West Ham United FC,AFC Bournemouth,3,4,,,
http://api.football-data.org/v1/fixtures/147061,http://api.football-data.org/v1/competitions/398,http://api.football-data.org/v1/teams/74,http://api.football-data.org/v1/teams/61,2015-08-23T12:30:00Z,FINISHED,3,West Bromwich Albion FC,Chelsea FC,2,3,,,
http://api.football-data.org/v1/fixtures/147055,http://api.football-data.org/v1/competitions/398,http://api.football-data.org/v1/teams/62,http://api.football-data.org/v1/teams/65,2015-08-23T15:00:00Z,FINISHED,3,Everton FC,Manchester City FC,0,2,,,
http://api.football-data.org/v1/fixtures/147060,http://api.football-data.org/v1/competitions/398,http://api.football-data.org/v1/teams/346,http://api.football-data.org/v1/teams/340,2015-08-23T15:00:00Z,FINISHED,3,Watford FC,Southampton FC,0,0,,,
http://api.football-data.org/v1/fixtures/147053,http://api.football-data.org/v1/competitions/398,http://api.football-data.org/v1/teams/57,http://api.football-data.org/v1/teams/64,2015-08-24T19:00:00Z,FINISHED,3,Arsenal FC,Liverpool FC,0,0,,,
http://api.football-data.org/v1/fixtures/147048,http://api.football-data.org/v1/competitions/398,http://api.football-data.org/v1/teams/67,http://api.football-data.org/v1/teams/57,2015-08-29T11:45:00Z,FINISHED,4,Newcastle United FC,Arsenal FC,0,1,,,
http://api.football-data.org/v1/fixtures/147046,http://api.football-data.org/v1/competitions/398,http://api.football-data.org/v1/teams/64,http://api.football-data.org/v1/teams/563,2015-08-29T14:00:00Z,FINISHED,4,Liverpool FC,West Ham United FC,0,3,,,
http://api.football-data.org/v1/fixtures/147050,http://api.football-data.org/v1/competitions/398,http://api.football-data.org/v1/teams/70,http://api.football-data.org/v1/teams/74,2015-08-29T14:00:00Z,FINISHED,4,Stoke City FC,West Bromwich Albion FC,0,1,,,
http://api.football-data.org/v1/fixtures/147047,http://api.football-data.org/v1/competitions/398,http://api.football-data.org/v1/teams/65,http://api.football-data.org/v1/teams/346,2015-08-29T14:00:00Z,FINISHED,4,Manchester City FC,Watford FC,2,0,,,
http://api.football-data.org/v1/fixtures/147114,http://api.football-data.org/v1/competitions/398,http://api.football-data.org/v1/teams/1044,http://api.football-data.org/v1/teams/338,2015-08-29T14:00:00Z,FINISHED,4,AFC Bournemouth,Leicester City FC,1,1,,,
http://api.football-data.org/v1/fixtures/147045,http://api.football-data.org/v1/competitions/398,http://api.football-data.org/v1/teams/61,http://api.football-data.org/v1/teams/354,2015-08-29T14:00:00Z,FINISHED,4,Chelsea FC,Crystal Palace FC,1,2,,,
http://api.football-data.org/v1/fixtures/147044,http://api.football-data.org/v1/competitions/398,http://api.football-data.org/v1/teams/58,http://api.football-data.org/v1/teams/71,2015-08-29T14:00:00Z,FINISHED,4,Aston Villa FC,Sunderland AFC,2,2,,,
http://api.football-data.org/v1/fixtures/147052,http://api.football-data.org/v1/competitions/398,http://api.football-data.org/v1/teams/73,http://api.football-data.org/v1/teams/62,2015-08-29T16:30:00Z,FINISHED,4,Tottenham Hotspur FC,Everton FC,0,0,,,
http://api.football-data.org/v1/fixtures/147049,http://api.football-data.org/v1/competitions/398,http://api.football-data.org/v1/teams/340,http://api.football-data.org/v1/teams/68,2015-08-30T12:30:00Z,FINISHED,4,Southampton FC,Norwich City FC,3,0,,,
http://api.football-data.org/v1/fixtures/147051,http://api.football-data.org/v1/competitions/398,http://api.football-data.org/v1/teams/72,http://api.football-data.org/v1/teams/66,2015-08-30T15:00:00Z,FINISHED,4,Swansea City FC,Manchester United FC,2,1,,,
http://api.football-data.org/v1/fixtures/147037,http://api.football-data.org/v1/competitions/398,http://api.football-data.org/v1/teams/62,http://api.football-data.org/v1/teams/61,2015-09-12T11:45:00Z,FINISHED,5,Everton FC,Chelsea FC,3,1,,,
http://api.football-data.org/v1/fixtures/147042,http://api.football-data.org/v1/competitions/398,http://api.football-data.org/v1/teams/74,http://api.football-data.org/v1/teams/340,2015-09-12T14:00:00Z,FINISHED,5,West Bromwich Albion FC,Southampton FC,0,0,,,
http://api.football-data.org/v1/fixtures/147113,http://api.football-data.org/v1/competitions/398,http://api.football-data.org/v1/teams/68,http://api.football-data.org/v1/teams/1044,2015-09-12T14:00:00Z,FINISHED,5,Norwich City FC,AFC Bournemouth,3,1,,,
http://api.football-data.org/v1/fixtures/147036,http://api.football-data.org/v1/competitions/398,http://api.football-data.org/v1/teams/354,http://api.football-data.org/v1/teams/65,2015-09-12T14:00:00Z,FINISHED,5,Crystal Palace FC,Manchester City FC,0,1,,,
http://api.football-data.org/v1/fixtures/147041,http://api.football-data.org/v1/competitions/398,http://api.football-data.org/v1/teams/346,http://api.football-data.org/v1/teams/72,2015-09-12T14:00:00Z,FINISHED,5,Watford FC,Swansea City FC,1,0,,,
http://api.football-data.org/v1/fixtures/147035,http://api.football-data.org/v1/competitions/398,http://api.football-data.org/v1/teams/57,http://api.football-data.org/v1/teams/70,2015-09-12T14:00:00Z,FINISHED,5,Arsenal FC,Stoke City FC,2,0,,,
http://api.football-data.org/v1/fixtures/147039,http://api.football-data.org/v1/competitions/398,http://api.football-data.org/v1/teams/66,http://api.football-data.org/v1/teams/64,2015-09-12T16:30:00Z,FINISHED,5,Manchester United FC,Liverpool FC,3,1,,,
http://api.football-data.org/v1/fixtures/147040,http://api.football-data.org/v1/competitions/398,http://api.football-data.org/v1/teams/71,http://api.football-data.org/v1/teams/73,2015-09-13T12:30:00Z,FINISHED,5,Sunderland AFC,Tottenham Hotspur FC,0,1,,,
http://api.football-data.org/v1/fixtures/147038,http://api.football-data.org/v1/competitions/398,http://api.football-data.org/v1/teams/338,http://api.football-data.org/v1/teams/58,2015-09-13T15:00:00Z,FINISHED,5,Leicester City FC,Aston Villa FC,3,2,,,
http://api.football-data.org/v1/fixtures/147043,http://api.football-data.org/v1/competitions/398,http://api.football-data.org/v1/teams/563,http://api.football-data.org/v1/teams/67,2015-09-14T19:00:00Z,FINISHED,5,West Ham United FC,Newcastle United FC,2,0,,,
http://api.football-data.org/v1/fixtures/147027,http://api.football-data.org/v1/competitions/398,http://api.football-data.org/v1/teams/61,http://api.football-data.org/v1/teams/57,2015-09-19T11:45:00Z,FINISHED,6,Chelsea FC,Arsenal FC,2,0,,,
http://api.football-data.org/v1/fixtures/147112,http://api.football-data.org/v1/competitions/398,http://api.football-data.org/v1/teams/1044,http://api.football-data.org/v1/teams/71,2015-09-19T14:00:00Z,FINISHED,6,AFC Bournemouth,Sunderland AFC,2,0,,,
http://api.football-data.org/v1/fixtures/147033,http://api.football-data.org/v1/competitions/398,http://api.football-data.org/v1/teams/72,http://api.football-data.org/v1/teams/62,2015-09-19T14:00:00Z,FINISHED,6,Swansea City FC,Everton FC,0,0,,,
http://api.football-data.org/v1/fixtures/147026,http://api.football-data.org/v1/competitions/398,http://api.football-data.org/v1/teams/58,http://api.football-data.org/v1/teams/74,2015-09-19T14:00:00Z,FINISHED,6,Aston Villa FC,West Bromwich Albion FC,0,1,,,
http://api.football-data.org/v1/fixtures/147032,http://api.football-data.org/v1/competitions/398,http://api.football-data.org/v1/teams/70,http://api.football-data.org/v1/teams/338,2015-09-19T14:00:00Z,FINISHED,6,Stoke City FC,Leicester City FC,2,2,,,
http://api.football-data.org/v1/fixtures/147030,http://api.football-data.org/v1/competitions/398,http://api.football-data.org/v1/teams/67,http://api.football-data.org/v1/teams/346,2015-09-19T14:00:00Z,FINISHED,6,Newcastle United FC,Watford FC,1,2,,,
http://api.football-data.org/v1/fixtures/147029,http://api.football-data.org/v1/competitions/398,http://api.football-data.org/v1/teams/65,http://api.football-data.org/v1/teams/563,2015-09-19T16:30:00Z,FINISHED,6,Manchester City FC,West Ham United FC,1,2,,,
http://api.football-data.org/v1/fixtures/147034,http://api.football-data.org/v1/competitions/398,http://api.football-data.org/v1/teams/73,http://api.football-data.org/v1/teams/354,2015-09-20T12:30:00Z,FINISHED,6,Tottenham Hotspur FC,Crystal Palace FC,1,0,,,
http://api.football-data.org/v1/fixtures/147031,http://api.football-data.org/v1/competitions/398,http://api.football-data.org/v1/teams/340,http://api.football-data.org/v1/teams/66,2015-09-20T15:00:00Z,FINISHED,6,Southampton FC,Manchester United FC,2,3,,,
http://api.football-data.org/v1/fixtures/147028,http://api.football-data.org/v1/competitions/398,http://api.football-data.org/v1/teams/64,http://api.football-data.org/v1/teams/68,2015-09-20T15:00:00Z,FINISHED,6,Liverpool FC,Norwich City FC,1,1,,,
http://api.football-data.org/v1/fixtures/147022,http://api.football-data.org/v1/competitions/398,http://api.football-data.org/v1/teams/73,http://api.football-data.org/v1/teams/65,2015-09-26T11:45:00Z,FINISHED,7,Tottenham Hotspur FC,Manchester City FC,4,1,,,
http://api.football-data.org/v1/fixtures/147111,http://api.football-data.org/v1/competitions/398,http://api.football-data.org/v1/teams/70,http://api.football-data.org/v1/teams/1044,2015-09-26T14:00:00Z,FINISHED,7,Stoke City FC,AFC Bournemouth,2,1,,,
http://api.football-data.org/v1/fixtures/147025,http://api.football-data.org/v1/competitions/398,http://api.football-data.org/v1/teams/563,http://api.football-data.org/v1/teams/68,2015-09-26T14:00:00Z,FINISHED,7,West Ham United FC,Norwich City FC,2,2,,,
http://api.football-data.org/v1/fixtures/147021,http://api.football-data.org/v1/competitions/398,http://api.football-data.org/v1/teams/340,http://api.football-data.org/v1/teams/72,2015-09-26T14:00:00Z,FINISHED,7,Southampton FC,Swansea City FC,3,1,,,
http://api.football-data.org/v1/fixtures/147017,http://api.football-data.org/v1/competitions/398,http://api.football-data.org/v1/teams/338,http://api.football-data.org/v1/teams/57,2015-09-26T14:00:00Z,FINISHED,7,Leicester City FC,Arsenal FC,2,5,,,
http://api.football-data.org/v1/fixtures/147018,http://api.football-data.org/v1/competitions/398,http://api.football-data.org/v1/teams/64,http://api.football-data.org/v1/teams/58,2015-09-26T14:00:00Z,FINISHED,7,Liverpool FC,Aston Villa FC,3,2,,,
http://api.football-data.org/v1/fixtures/147019,http://api.football-data.org/v1/competitions/398,http://api.football-data.org/v1/teams/66,http://api.football-data.org/v1/teams/71,2015-09-26T14:00:00Z,FINISHED,7,Manchester United FC,Sunderland AFC,3,0,,,
http://api.football-data.org/v1/fixtures/147020,http://api.football-data.org/v1/competitions/398,http://api.football-data.org/v1/teams/67,http://api.football-data.org/v1/teams/61,2015-09-26T16:30:00Z,FINISHED,7,Newcastle United FC,Chelsea FC,2,2,,,
http://api.football-data.org/v1/fixtures/147023,http://api.football-data.org/v1/competitions/398,http://api.football-data.org/v1/teams/346,http://api.football-data.org/v1/teams/354,2015-09-27T15:00:00Z,FINISHED,7,Watford FC,Crystal Palace FC,0,1,,,
http://api.football-data.org/v1/fixtures/147024,http://api.football-data.org/v1/competitions/398,http://api.football-data.org/v1/teams/74,http://api.football-data.org/v1/teams/62,2015-09-28T19:00:00Z,FINISHED,7,West Bromwich Albion FC,Everton FC,2,3,,,
http://api.football-data.org/v1/fixtures/147011,http://api.football-data.org/v1/competitions/398,http://api.football-data.org/v1/teams/354,http://api.football-data.org/v1/teams/74,2015-10-03T11:45:00Z,FINISHED,8,Crystal Palace FC,West Bromwich Albion FC,2,0,,,
http://api.football-data.org/v1/fixtures/147015,http://api.football-data.org/v1/competitions/398,http://api.football-data.org/v1/teams/71,http://api.football-data.org/v1/teams/563,2015-10-03T14:00:00Z,FINISHED,8,Sunderland AFC,West Ham United FC,2,2,,,
http://api.football-data.org/v1/fixtures/147014,http://api.football-data.org/v1/competitions/398,http://api.football-data.org/v1/teams/68,http://api.football-data.org/v1/teams/338,2015-10-03T14:00:00Z,FINISHED,8,Norwich City FC,Leicester City FC,1,2,,,
http://api.football-data.org/v1/fixtures/147009,http://api.football-data.org/v1/competitions/398,http://api.football-data.org/v1/teams/58,http://api.football-data.org/v1/teams/70,2015-10-03T14:00:00Z,FINISHED,8,Aston Villa FC,Stoke City FC,0,1,,,
http://api.football-data.org/v1/fixtures/147013,http://api.football-data.org/v1/competitions/398,http://api.football-data.org/v1/teams/65,http://api.football-data.org/v1/teams/67,2015-10-03T14:00:00Z,FINISHED,8,Manchester City FC,Newcastle United FC,6,1,,,
http://api.football-data.org/v1/fixtures/147110,http://api.football-data.org/v1/competitions/398,http://api.football-data.org/v1/teams/1044,http://api.football-data.org/v1/teams/346,2015-10-03T14:00:00Z,FINISHED,8,AFC Bournemouth,Watford FC,1,1,,,
http://api.football-data.org/v1/fixtures/147010,http://api.football-data.org/v1/competitions/398,http://api.football-data.org/v1/teams/61,http://api.football-data.org/v1/teams/340,2015-10-03T16:30:00Z,FINISHED,8,Chelsea FC,Southampton FC,1,3,,,
http://api.football-data.org/v1/fixtures/147012,http://api.football-data.org/v1/competitions/398,http://api.football-data.org/v1/teams/62,http://api.football-data.org/v1/teams/64,2015-10-04T12:30:00Z,FINISHED,8,Everton FC,Liverpool FC,1,1,,,
http://api.football-data.org/v1/fixtures/147016,http://api.football-data.org/v1/competitions/398,http://api.football-data.org/v1/teams/72,http://api.football-data.org/v1/teams/73,2015-10-04T15:00:00Z,FINISHED,8,Swansea City FC,Tottenham Hotspur FC,2,2,,,
http://api.football-data.org/v1/fixtures/147008,http://api.football-data.org/v1/competitions/398,http://api.football-data.org/v1/teams/57,http://api.football-data.org/v1/teams/66,2015-10-04T15:00:00Z,FINISHED,8,Arsenal FC,Manchester United FC,3,0,,,
http://api.football-data.org/v1/fixtures/147005,http://api.football-data.org/v1/competitions/398,http://api.football-data.org/v1/teams/73,http://api.football-data.org/v1/teams/64,2015-10-17T11:45:00Z,FINISHED,9,Tottenham Hotspur FC,Liverpool FC,0,0,,,
http://api.football-data.org/v1/fixtures/147001,http://api.football-data.org/v1/competitions/398,http://api.football-data.org/v1/teams/62,http://api.football-data.org/v1/teams/66,2015-10-17T14:00:00Z,FINISHED,9,Everton FC,Manchester United FC,0,3,,,
http://api.football-data.org/v1/fixtures/146999,http://api.football-data.org/v1/competitions/398,http://api.football-data.org/v1/teams/61,http://api.football-data.org/v1/teams/58,2015-10-17T14:00:00Z,FINISHED,9,Chelsea FC,Aston Villa FC,2,0,,,
http://api.football-data.org/v1/fixtures/147109,http://api.football-data.org/v1/competitions/398,http://api.football-data.org/v1/teams/65,http://api.football-data.org/v1/teams/1044,2015-10-17T14:00:00Z,FINISHED,9,Manchester City FC,AFC Bournemouth,5,1,,,
http://api.football-data.org/v1/fixtures/147007,http://api.football-data.org/v1/competitions/398,http://api.football-data.org/v1/teams/74,http://api.football-data.org/v1/teams/71,2015-10-17T14:00:00Z,FINISHED,9,West Bromwich Albion FC,Sunderland AFC,1,0,,,
http://api.football-data.org/v1/fixtures/147000,http://api.football-data.org/v1/competitions/398,http://api.football-data.org/v1/teams/354,http://api.football-data.org/v1/teams/563,2015-10-17T14:00:00Z,FINISHED,9,Crystal Palace FC,West Ham United FC,1,3,,,
http://api.football-data.org/v1/fixtures/147003,http://api.football-data.org/v1/competitions/398,http://api.football-data.org/v1/teams/340,http://api.football-data.org/v1/teams/338,2015-10-17T14:00:00Z,FINISHED,9,Southampton FC,Leicester City FC,2,2,,,
http://api.football-data.org/v1/fixtures/147006,http://api.football-data.org/v1/competitions/398,http://api.football-data.org/v1/teams/346,http://api.football-data.org/v1/teams/57,2015-10-17T16:30:00Z,FINISHED,9,Watford FC,Arsenal FC,0,3,,,
http://api.football-data.org/v1/fixtures/147002,http://api.football-data.org/v1/competitions/398,http://api.football-data.org/v1/teams/67,http://api.football-data.org/v1/teams/68,2015-10-18T15:00:00Z,FINISHED,9,Newcastle United FC,Norwich City FC,6,2,,,
http://api.football-data.org/v1/fixtures/147004,http://api.football-data.org/v1/competitions/398,http://api.football-data.org/v1/teams/72,http://api.football-data.org/v1/teams/70,2015-10-19T19:00:00Z,FINISHED,9,Swansea City FC,Stoke City FC,0,1,,,
http://api.football-data.org/v1/fixtures/146998,http://api.football-data.org/v1/competitions/398,http://api.football-data.org/v1/teams/563,http://api.football-data.org/v1/teams/61,2015-10-24T14:00:00Z,FINISHED,10,West Ham United FC,Chelsea FC,2,1,,,
http://api.football-data.org/v1/fixtures/146991,http://api.football-data.org/v1/competitions/398,http://api.football-data.org/v1/teams/58,http://api.football-data.org/v1/teams/72,2015-10-24T14:00:00Z,FINISHED,10,Aston Villa FC,Swansea City FC,1,2,,,
http://api.football-data.org/v1/fixtures/146992,http://api.football-data.org/v1/competitions/398,http://api.football-data.org/v1/teams/338,http://api.football-data.org/v1/teams/354,2015-10-24T14:00:00Z,FINISHED,10,Leicester City FC,Crystal Palace FC,1,0,,,
http://api.football-data.org/v1/fixtures/146995,http://api.football-data.org/v1/competitions/398,http://api.football-data.org/v1/teams/68,http://api.football-data.org/v1/teams/74,2015-10-24T14:00:00Z,FINISHED,10,Norwich City FC,West Bromwich Albion FC,0,1,,,
http://api.football-data.org/v1/fixtures/146996,http://api.football-data.org/v1/competitions/398,http://api.football-data.org/v1/teams/70,http://api.football-data.org/v1/teams/346,2015-10-24T14:00:00Z,FINISHED,10,Stoke City FC,Watford FC,0,2,,,
http://api.football-data.org/v1/fixtures/146990,http://api.football-data.org/v1/competitions/398,http://api.football-data.org/v1/teams/57,http://api.football-data.org/v1/teams/62,2015-10-24T16:30:00Z,FINISHED,10,Arsenal FC,Everton FC,2,1,,,
http://api.football-data.org/v1/fixtures/146997,http://api.football-data.org/v1/competitions/398,http://api.football-data.org/v1/teams/71,http://api.football-data.org/v1/teams/67,2015-10-25T12:00:00Z,FINISHED,10,Sunderland AFC,Newcastle United FC,3,0,,,
http://api.football-data.org/v1/fixtures/146994,http://api.football-data.org/v1/competitions/398,http://api.football-data.org/v1/teams/66,http://api.football-data.org/v1/teams/65,2015-10-25T14:05:00Z,FINISHED,10,Manchester United FC,Manchester City FC,0,0,,,
http://api.football-data.org/v1/fixtures/147108,http://api.football-data.org/v1/competitions/398,http://api.football-data.org/v1/teams/1044,http://api.football-data.org/v1/teams/73,2015-10-25T14:05:00Z,FINISHED,10,AFC Bournemouth,Tottenham Hotspur FC,1,5,,,
http://api.football-data.org/v1/fixtures/146993,http://api.football-data.org/v1/competitions/398,http://api.football-data.org/v1/teams/64,http://api.football-data.org/v1/teams/340,2015-10-25T16:15:00Z,FINISHED,10,Liverpool FC,Southampton FC,1,1,,,
http://api.football-data.org/v1/fixtures/146981,http://api.football-data.org/v1/competitions/398,http://api.football-data.org/v1/teams/61,http://api.football-data.org/v1/teams/64,2015-10-31T12:45:00Z,FINISHED,11,Chelsea FC,Liverpool FC,1,3,,,
http://api.football-data.org/v1/fixtures/146986,http://api.football-data.org/v1/competitions/398,http://api.football-data.org/v1/teams/72,http://api.football-data.org/v1/teams/57,2015-10-31T15:00:00Z,FINISHED,11,Swansea City FC,Arsenal FC,0,3,,,
http://api.football-data.org/v1/fixtures/146982,http://api.football-data.org/v1/competitions/398,http://api.football-data.org/v1/teams/354,http://api.football-data.org/v1/teams/66,2015-10-31T15:00:00Z,FINISHED,11,Crystal Palace FC,Manchester United FC,0,0,,,
http://api.football-data.org/v1/fixtures/146984,http://api.football-data.org/v1/competitions/398,http://api.football-data.org/v1/teams/65,http://api.football-data.org/v1/teams/68,2015-10-31T15:00:00Z,FINISHED,11,Manchester City FC,Norwich City FC,2,1,,,
http://api.football-data.org/v1/fixtures/146985,http://api.football-data.org/v1/competitions/398,http://api.football-data.org/v1/teams/67,http://api.football-data.org/v1/teams/70,2015-10-31T15:00:00Z,FINISHED,11,Newcastle United FC,Stoke City FC,0,0,,,
http://api.football-data.org/v1/fixtures/146988,http://api.football-data.org/v1/competitions/398,http://api.football-data.org/v1/teams/346,http://api.football-data.org/v1/teams/563,2015-10-31T15:00:00Z,FINISHED,11,Watford FC,West Ham United FC,2,0,,,
http://api.football-data.org/v1/fixtures/146989,http://api.football-data.org/v1/competitions/398,http://api.football-data.org/v1/teams/74,http://api.football-data.org/v1/teams/338,2015-10-31T15:00:00Z,FINISHED,11,West Bromwich Albion FC,Leicester City FC,2,3,,,
http://api.football-data.org/v1/fixtures/146983,http://api.football-data.org/v1/competitions/398,http://api.football-data.org/v1/teams/62,http://api.football-data.org/v1/teams/71,2015-11-01T13:30:00Z,FINISHED,11,Everton FC,Sunderland AFC,6,2,,,
http://api.football-data.org/v1/fixtures/147107,http://api.football-data.org/v1/competitions/398,http://api.football-data.org/v1/teams/340,http://api.football-data.org/v1/teams/1044,2015-11-01T16:00:00Z,FINISHED,11,Southampton FC,AFC Bournemouth,2,0,,,
http://api.football-data.org/v1/fixtures/146987,http://api.football-data.org/v1/competitions/398,http://api.football-data.org/v1/teams/73,http://api.football-data.org/v1/teams/58,2015-11-02T20:00:00Z,FINISHED,11,Tottenham Hotspur FC,Aston Villa FC,3,1,,,
http://api.football-data.org/v1/fixtures/147106,http://api.football-data.org/v1/competitions/398,http://api.football-data.org/v1/teams/1044,http://api.football-data.org/v1/teams/67,2015-11-07T12:45:00Z,FINISHED,12,AFC Bournemouth,Newcastle United FC,0,1,,,
http://api.football-data.org/v1/fixtures/146979,http://api.football-data.org/v1/competitions/398,http://api.football-data.org/v1/teams/71,http://api.football-data.org/v1/teams/340,2015-11-07T15:00:00Z,FINISHED,12,Sunderland AFC,Southampton FC,0,1,,,
http://api.football-data.org/v1/fixtures/146977,http://api.football-data.org/v1/competitions/398,http://api.football-data.org/v1/teams/68,http://api.football-data.org/v1/teams/72,2015-11-07T15:00:00Z,FINISHED,12,Norwich City FC,Swansea City FC,1,0,,,
http://api.football-data.org/v1/fixtures/146976,http://api.football-data.org/v1/competitions/398,http://api.football-data.org/v1/teams/66,http://api.football-data.org/v1/teams/74,2015-11-07T15:00:00Z,FINISHED,12,Manchester United FC,West Bromwich Albion FC,2,0,,,
http://api.football-data.org/v1/fixtures/146974,http://api.football-data.org/v1/competitions/398,http://api.football-data.org/v1/teams/338,http://api.football-data.org/v1/teams/346,2015-11-07T15:00:00Z,FINISHED,12,Leicester City FC,Watford FC,2,1,,,
http://api.football-data.org/v1/fixtures/146980,http://api.football-data.org/v1/competitions/398,http://api.football-data.org/v1/teams/563,http://api.football-data.org/v1/teams/62,2015-11-07T15:00:00Z,FINISHED,12,West Ham United FC,Everton FC,1,1,,,
http://api.football-data.org/v1/fixtures/146978,http://api.football-data.org/v1/competitions/398,http://api.football-data.org/v1/teams/70,http://api.football-data.org/v1/teams/61,2015-11-07T17:30:00Z,FINISHED,12,Stoke City FC,Chelsea FC,1,0,,,
http://api.football-data.org/v1/fixtures/146973,http://api.football-data.org/v1/competitions/398,http://api.football-data.org/v1/teams/58,http://api.football-data.org/v1/teams/65,2015-11-08T13:30:00Z,FINISHED,12,Aston Villa FC,Manchester City FC,0,0,,,
http://api.football-data.org/v1/fixtures/146975,http://api.football-data.org/v1/competitions/398,http://api.football-data.org/v1/teams/64,http://api.football-data.org/v1/teams/354,2015-11-08T16:00:00Z,FINISHED,12,Liverpool FC,Crystal Palace FC,1,2,,,
http://api.football-data.org/v1/fixtures/146972,http://api.football-data.org/v1/competitions/398,http://api.football-data.org/v1/teams/57,http://api.football-data.org/v1/teams/73,2015-11-08T16:00:00Z,FINISHED,12,Arsenal FC,Tottenham Hotspur FC,1,1,,,
http://api.football-data.org/v1/fixtures/146970,http://api.football-data.org/v1/competitions/398,http://api.football-data.org/v1/teams/346,http://api.football-data.org/v1/teams/66,2015-11-21T12:45:00Z,FINISHED,13,Watford FC,Manchester United FC,1,2,,,
http://api.football-data.org/v1/fixtures/146968,http://api.football-data.org/v1/competitions/398,http://api.football-data.org/v1/teams/340,http://api.football-data.org/v1/teams/70,2015-11-21T15:00:00Z,FINISHED,13,Southampton FC,Stoke City FC,0,1,,,
http://api.football-data.org/v1/fixtures/146967,http://api.football-data.org/v1/competitions/398,http://api.football-data.org/v1/teams/67,http://api.football-data.org/v1/teams/338,2015-11-21T15:00:00Z,FINISHED,13,Newcastle United FC,Leicester City FC,0,3,,,
http://api.football-data.org/v1/fixtures/146963,http://api.football-data.org/v1/competitions/398,http://api.football-data.org/v1/teams/61,http://api.football-data.org/v1/teams/68,2015-11-21T15:00:00Z,FINISHED,13,Chelsea FC,Norwich City FC,1,0,,,
http://api.football-data.org/v1/fixtures/146971,http://api.football-data.org/v1/competitions/398,http://api.football-data.org/v1/teams/74,http://api.football-data.org/v1/teams/57,2015-11-21T15:00:00Z,FINISHED,13,West Bromwich Albion FC,Arsenal FC,2,1,,,
http://api.football-data.org/v1/fixtures/147105,http://api.football-data.org/v1/competitions/398,http://api.football-data.org/v1/teams/72,http://api.football-data.org/v1/teams/1044,2015-11-21T15:00:00Z,FINISHED,13,Swansea City FC,AFC Bournemouth,2,2,,,
http://api.football-data.org/v1/fixtures/146965,http://api.football-data.org/v1/competitions/398,http://api.football-data.org/v1/teams/62,http://api.football-data.org/v1/teams/58,2015-11-21T15:00:00Z,FINISHED,13,Everton FC,Aston Villa FC,4,0,,,
http://api.football-data.org/v1/fixtures/146966,http://api.football-data.org/v1/competitions/398,http://api.football-data.org/v1/teams/65,http://api.football-data.org/v1/teams/64,2015-11-21T17:30:00Z,FINISHED,13,Manchester City FC,Liverpool FC,1,4,,,
http://api.football-data.org/v1/fixtures/146969,http://api.football-data.org/v1/competitions/398,http://api.football-data.org/v1/teams/73,http://api.football-data.org/v1/teams/563,2015-11-22T16:00:00Z,FINISHED,13,Tottenham Hotspur FC,West Ham United FC,4,1,,,
http://api.football-data.org/v1/fixtures/146964,http://api.football-data.org/v1/competitions/398,http://api.football-data.org/v1/teams/354,http://api.football-data.org/v1/teams/71,2015-11-23T20:00:00Z,FINISHED,13,Crystal Palace FC,Sunderland AFC,0,1,,,
http://api.football-data.org/v1/fixtures/146958,http://api.football-data.org/v1/competitions/398,http://api.football-data.org/v1/teams/65,http://api.football-data.org/v1/teams/340,2015-11-28T15:00:00Z,FINISHED,14,Manchester City FC,Southampton FC,3,1,,,
http://api.football-data.org/v1/fixtures/146955,http://api.football-data.org/v1/competitions/398,http://api.football-data.org/v1/teams/354,http://api.football-data.org/v1/teams/67,2015-11-28T15:00:00Z,FINISHED,14,Crystal Palace FC,Newcastle United FC,5,1,,,
http://api.football-data.org/v1/fixtures/146954,http://api.football-data.org/v1/competitions/398,http://api.football-data.org/v1/teams/58,http://api.football-data.org/v1/teams/346,2015-11-28T15:00:00Z,FINISHED,14,Aston Villa FC,Watford FC,2,3,,,
http://api.football-data.org/v1/fixtures/146960,http://api.football-data.org/v1/competitions/398,http://api.football-data.org/v1/teams/71,http://api.football-data.org/v1/teams/70,2015-11-28T15:00:00Z,FINISHED,14,Sunderland AFC,Stoke City FC,2,0,,,
http://api.football-data.org/v1/fixtures/147104,http://api.football-data.org/v1/competitions/398,http://api.football-data.org/v1/teams/1044,http://api.football-data.org/v1/teams/62,2015-11-28T15:00:00Z,FINISHED,14,AFC Bournemouth,Everton FC,3,3,,,
http://api.football-data.org/v1/fixtures/146956,http://api.football-data.org/v1/competitions/398,http://api.football-data.org/v1/teams/338,http://api.football-data.org/v1/teams/66,2015-11-28T17:30:00Z,FINISHED,14,Leicester City FC,Manchester United FC,1,1,,,
http://api.football-data.org/v1/fixtures/146961,http://api.football-data.org/v1/competitions/398,http://api.football-data.org/v1/teams/73,http://api.football-data.org/v1/teams/61,2015-11-29T12:00:00Z,FINISHED,14,Tottenham Hotspur FC,Chelsea FC,0,0,,,
http://api.football-data.org/v1/fixtures/146962,http://api.football-data.org/v1/competitions/398,http://api.football-data.org/v1/teams/563,http://api.football-data.org/v1/teams/74,2015-11-29T14:05:00Z,FINISHED,14,West Ham United FC,West Bromwich Albion FC,1,1,,,
http://api.football-data.org/v1/fixtures/146959,http://api.football-data.org/v1/competitions/398,http://api.football-data.org/v1/teams/68,http://api.football-data.org/v1/teams/57,2015-11-29T16:15:00Z,FINISHED,14,Norwich City FC,Arsenal FC,1,1,,,
http://api.football-data.org/v1/fixtures/146957,http://api.football-data.org/v1/competitions/398,http://api.football-data.org/v1/teams/64,http://api.football-data.org/v1/teams/72,2015-11-29T16:15:00Z,FINISHED,14,Liverpool FC,Swansea City FC,1,0,,,
http://api.football-data.org/v1/fixtures/146949,http://api.football-data.org/v1/competitions/398,http://api.football-data.org/v1/teams/340,http://api.football-data.org/v1/teams/58,2015-12-05T15:00:00Z,FINISHED,15,Southampton FC,Aston Villa FC,1,1,,,
http://api.football-data.org/v1/fixtures/146950,http://api.football-data.org/v1/competitions/398,http://api.football-data.org/v1/teams/70,http://api.football-data.org/v1/teams/65,2015-12-05T15:00:00Z,FINISHED,15,Stoke City FC,Manchester City FC,2,0,,,
http://api.football-data.org/v1/fixtures/146951,http://api.football-data.org/v1/competitions/398,http://api.football-data.org/v1/teams/72,http://api.football-data.org/v1/teams/338,2015-12-05T15:00:00Z,FINISHED,15,Swansea City FC,Leicester City FC,0,3,,,
http://api.football-data.org/v1/fixtures/146952,http://api.football-data.org/v1/competitions/398,http://api.football-data.org/v1/teams/346,http://api.football-data.org/v1/teams/68,2015-12-05T15:00:00Z,FINISHED,15,Watford FC,Norwich City FC,2,0,,,
http://api.football-data.org/v1/fixtures/146953,http://api.football-data.org/v1/competitions/398,http://api.football-data.org/v1/teams/74,http://api.football-data.org/v1/teams/73,2015-12-05T15:00:00Z,FINISHED,15,West Bromwich Albion FC,Tottenham Hotspur FC,1,1,,,
http://api.football-data.org/v1/fixtures/146945,http://api.football-data.org/v1/competitions/398,http://api.football-data.org/v1/teams/57,http://api.football-data.org/v1/teams/71,2015-12-05T15:00:00Z,FINISHED,15,Arsenal FC,Sunderland AFC,3,1,,,
http://api.football-data.org/v1/fixtures/146947,http://api.football-data.org/v1/competitions/398,http://api.football-data.org/v1/teams/66,http://api.football-data.org/v1/teams/563,2015-12-05T15:00:00Z,FINISHED,15,Manchester United FC,West Ham United FC,0,0,,,
http://api.football-data.org/v1/fixtures/147103,http://api.football-data.org/v1/competitions/398,http://api.football-data.org/v1/teams/61,http://api.football-data.org/v1/teams/1044,2015-12-05T17:30:00Z,FINISHED,15,Chelsea FC,AFC Bournemouth,0,1,,,
http://api.football-data.org/v1/fixtures/146948,http://api.football-data.org/v1/competitions/398,http://api.football-data.org/v1/teams/67,http://api.football-data.org/v1/teams/64,2015-12-06T16:00:00Z,FINISHED,15,Newcastle United FC,Liverpool FC,2,0,,,
http://api.football-data.org/v1/fixtures/146946,http://api.football-data.org/v1/competitions/398,http://api.football-data.org/v1/teams/62,http://api.football-data.org/v1/teams/354,2015-12-07T20:00:00Z,FINISHED,15,Everton FC,Crystal Palace FC,1,1,,,
http://api.football-data.org/v1/fixtures/146941,http://api.football-data.org/v1/competitions/398,http://api.football-data.org/v1/teams/68,http://api.football-data.org/v1/teams/62,2015-12-12T12:45:00Z,FINISHED,16,Norwich City FC,Everton FC,1,1,,,
http://api.football-data.org/v1/fixtures/146944,http://api.football-data.org/v1/competitions/398,http://api.football-data.org/v1/teams/563,http://api.football-data.org/v1/teams/70,2015-12-12T15:00:00Z,FINISHED,16,West Ham United FC,Stoke City FC,0,0,,,
http://api.football-data.org/v1/fixtures/146937,http://api.football-data.org/v1/competitions/398,http://api.football-data.org/v1/teams/354,http://api.football-data.org/v1/teams/340,2015-12-12T15:00:00Z,FINISHED,16,Crystal Palace FC,Southampton FC,1,0,,,
http://api.football-data.org/v1/fixtures/146942,http://api.football-data.org/v1/competitions/398,http://api.football-data.org/v1/teams/71,http://api.football-data.org/v1/teams/346,2015-12-12T15:00:00Z,FINISHED,16,Sunderland AFC,Watford FC,0,1,,,
http://api.football-data.org/v1/fixtures/146940,http://api.football-data.org/v1/competitions/398,http://api.football-data.org/v1/teams/65,http://api.football-data.org/v1/teams/72,2015-12-12T15:00:00Z,FINISHED,16,Manchester City FC,Swansea City FC,2,1,,,
http://api.football-data.org/v1/fixtures/147102,http://api.football-data.org/v1/competitions/398,http://api.football-data.org/v1/teams/1044,http://api.football-data.org/v1/teams/66,2015-12-12T17:30:00Z,FINISHED,16,AFC Bournemouth,Manchester United FC,2,1,,,
http://api.football-data.org/v1/fixtures/146936,http://api.football-data.org/v1/competitions/398,http://api.football-data.org/v1/teams/58,http://api.football-data.org/v1/teams/57,2015-12-13T13:30:00Z,FINISHED,16,Aston Villa FC,Arsenal FC,0,2,,,
http://api.football-data.org/v1/fixtures/146939,http://api.football-data.org/v1/competitions/398,http://api.football-data.org/v1/teams/64,http://api.football-data.org/v1/teams/74,2015-12-13T16:00:00Z,FINISHED,16,Liverpool FC,West Bromwich Albion FC,2,2,,,
http://api.football-data.org/v1/fixtures/146943,http://api.football-data.org/v1/competitions/398,http://api.football-data.org/v1/teams/73,http://api.football-data.org/v1/teams/67,2015-12-13T16:00:00Z,FINISHED,16,Tottenham Hotspur FC,Newcastle United FC,1,2,,,
http://api.football-data.org/v1/fixtures/146938,http://api.football-data.org/v1/competitions/398,http://api.football-data.org/v1/teams/338,http://api.football-data.org/v1/teams/61,2015-12-14T20:00:00Z,FINISHED,16,Leicester City FC,Chelsea FC,2,1,,,
http://api.football-data.org/v1/fixtures/147101,http://api.football-data.org/v1/competitions/398,http://api.football-data.org/v1/teams/74,http://api.football-data.org/v1/teams/1044,2015-12-19T15:00:00Z,FINISHED,17,West Bromwich Albion FC,AFC Bournemouth,1,2,,,
http://api.football-data.org/v1/fixtures/146933,http://api.football-data.org/v1/competitions/398,http://api.football-data.org/v1/teams/70,http://api.football-data.org/v1/teams/354,2015-12-19T15:00:00Z,FINISHED,17,Stoke City FC,Crystal Palace FC,1,2,,,
http://api.football-data.org/v1/fixtures/146932,http://api.football-data.org/v1/competitions/398,http://api.football-data.org/v1/teams/340,http://api.football-data.org/v1/teams/73,2015-12-19T15:00:00Z,FINISHED,17,Southampton FC,Tottenham Hotspur FC,0,2,,,
http://api.football-data.org/v1/fixtures/146930,http://api.football-data.org/v1/competitions/398,http://api.football-data.org/v1/teams/66,http://api.football-data.org/v1/teams/68,2015-12-19T15:00:00Z,FINISHED,17,Manchester United FC,Norwich City FC,1,2,,,
http://api.football-data.org/v1/fixtures/146929,http://api.football-data.org/v1/competitions/398,http://api.football-data.org/v1/teams/62,http://api.football-data.org/v1/teams/338,2015-12-19T15:00:00Z,FINISHED,17,Everton FC,Leicester City FC,2,3,,,
http://api.football-data.org/v1/fixtures/146928,http://api.football-data.org/v1/competitions/398,http://api.football-data.org/v1/teams/61,http://api.football-data.org/v1/teams/71,2015-12-19T15:00:00Z,FINISHED,17,Chelsea FC,Sunderland AFC,3,1,,,
http://api.football-data.org/v1/fixtures/146931,http://api.football-data.org/v1/competitions/398,http://api.football-data.org/v1/teams/67,http://api.football-data.org/v1/teams/58,2015-12-19T17:30:00Z,FINISHED,17,Newcastle United FC,Aston Villa FC,1,1,,,
http://api.football-data.org/v1/fixtures/146935,http://api.football-data.org/v1/competitions/398,http://api.football-data.org/v1/teams/346,http://api.football-data.org/v1/teams/64,2015-12-20T13:30:00Z,FINISHED,17,Watford FC,Liverpool FC,3,0,,2,0
http://api.football-data.org/v1/fixtures/146934,http://api.football-data.org/v1/competitions/398,http://api.football-data.org/v1/teams/72,http://api.football-data.org/v1/teams/563,2015-12-20T16:00:00Z,FINISHED,17,Swansea City FC,West Ham United FC,0,0,,0,0
http://api.football-data.org/v1/fixtures/146927,http://api.football-data.org/v1/competitions/398,http://api.football-data.org/v1/teams/57,http://api.football-data.org/v1/teams/65,2015-12-21T20:00:00Z,FINISHED,17,Arsenal FC,Manchester City FC,2,1,,2,0
http://api.football-data.org/v1/fixtures/146924,http://api.football-data.org/v1/competitions/398,http://api.football-data.org/v1/teams/70,http://api.football-data.org/v1/teams/66,2015-12-26T12:45:00Z,FINISHED,18,Stoke City FC,Manchester United FC,2,0,,2,0
http://api.football-data.org/v1/fixtures/146918,http://api.football-data.org/v1/competitions/398,http://api.football-data.org/v1/teams/58,http://api.football-data.org/v1/teams/563,2015-12-26T15:00:00Z,FINISHED,18,Aston Villa FC,West Ham United FC,1,1,,0,1
http://api.football-data.org/v1/fixtures/146921,http://api.football-data.org/v1/competitions/398,http://api.football-data.org/v1/teams/65,http://api.football-data.org/v1/teams/71,2015-12-26T15:00:00Z,FINISHED,18,Manchester City FC,Sunderland AFC,4,1,,3,0
http://api.football-data.org/v1/fixtures/146920,http://api.football-data.org/v1/competitions/398,http://api.football-data.org/v1/teams/64,http://api.football-data.org/v1/teams/338,2015-12-26T15:00:00Z,FINISHED,18,Liverpool FC,Leicester City FC,1,0,,0,0
http://api.football-data.org/v1/fixtures/146919,http://api.football-data.org/v1/competitions/398,http://api.football-data.org/v1/teams/61,http://api.football-data.org/v1/teams/346,2015-12-26T15:00:00Z,FINISHED,18,Chelsea FC,Watford FC,2,2,,1,1
http://api.football-data.org/v1/fixtures/146926,http://api.football-data.org/v1/competitions/398,http://api.football-data.org/v1/teams/73,http://api.football-data.org/v1/teams/68,2015-12-26T15:00:00Z,FINISHED,18,Tottenham Hotspur FC,Norwich City FC,3,0,,2,0
http://api.football-data.org/v1/fixtures/146925,http://api.football-data.org/v1/competitions/398,http://api.football-data.org/v1/teams/72,http://api.football-data.org/v1/teams/74,2015-12-26T15:00:00Z,FINISHED,18,Swansea City FC,West Bromwich Albion FC,1,0,,1,0
http://api.football-data.org/v1/fixtures/147100,http://api.football-data.org/v1/competitions/398,http://api.football-data.org/v1/teams/1044,http://api.football-data.org/v1/teams/354,2015-12-26T15:00:00Z,FINISHED,18,AFC Bournemouth,Crystal Palace FC,0,0,,0,0
http://api.football-data.org/v1/fixtures/146922,http://api.football-data.org/v1/competitions/398,http://api.football-data.org/v1/teams/67,http://api.football-data.org/v1/teams/62,2015-12-26T17:30:00Z,FINISHED,18,Newcastle United FC,Everton FC,0,1,,0,0
http://api.football-data.org/v1/fixtures/146923,http://api.football-data.org/v1/competitions/398,http://api.football-data.org/v1/teams/340,http://api.football-data.org/v1/teams/57,2015-12-26T19:45:00Z,FINISHED,18,Southampton FC,Arsenal FC,4,0,,1,0
http://api.football-data.org/v1/fixtures/146915,http://api.football-data.org/v1/competitions/398,http://api.football-data.org/v1/teams/346,http://api.football-data.org/v1/teams/73,2015-12-28T15:00:00Z,FINISHED,19,Watford FC,Tottenham Hotspur FC,1,2,,1,1
http://api.football-data.org/v1/fixtures/146909,http://api.football-data.org/v1/competitions/398,http://api.football-data.org/v1/teams/354,http://api.football-data.org/v1/teams/72,2015-12-28T15:00:00Z,FINISHED,19,Crystal Palace FC,Swansea City FC,0,0,,0,0
http://api.football-data.org/v1/fixtures/146910,http://api.football-data.org/v1/competitions/398,http://api.football-data.org/v1/teams/62,http://api.football-data.org/v1/teams/70,2015-12-28T15:00:00Z,FINISHED,19,Everton FC,Stoke City FC,3,4,,1,2
http://api.football-data.org/v1/fixtures/146913,http://api.football-data.org/v1/competitions/398,http://api.football-data.org/v1/teams/68,http://api.football-data.org/v1/teams/58,2015-12-28T15:00:00Z,FINISHED,19,Norwich City FC,Aston Villa FC,2,0,,1,0
http://api.football-data.org/v1/fixtures/146916,http://api.football-data.org/v1/competitions/398,http://api.football-data.org/v1/teams/74,http://api.football-data.org/v1/teams/67,2015-12-28T15:00:00Z,FINISHED,19,West Bromwich Albion FC,Newcastle United FC,1,0,,0,0
http://api.football-data.org/v1/fixtures/146917,http://api.football-data.org/v1/competitions/398,http://api.football-data.org/v1/teams/563,http://api.football-data.org/v1/teams/340,2015-12-28T17:30:00Z,FINISHED,19,West Ham United FC,Southampton FC,2,1,,0,1
http://api.football-data.org/v1/fixtures/146912,http://api.football-data.org/v1/competitions/398,http://api.football-data.org/v1/teams/66,http://api.football-data.org/v1/teams/61,2015-12-28T17:30:00Z,FINISHED,19,Manchester United FC,Chelsea FC,0,0,,0,0
http://api.football-data.org/v1/fixtures/147099,http://api.football-data.org/v1/competitions/398,http://api.football-data.org/v1/teams/57,http://api.football-data.org/v1/teams/1044,2015-12-28T17:30:00Z,FINISHED,19,Arsenal FC,AFC Bournemouth,2,0,,1,0
http://api.football-data.org/v1/fixtures/146911,http://api.football-data.org/v1/competitions/398,http://api.football-data.org/v1/teams/338,http://api.football-data.org/v1/teams/65,2015-12-29T19:45:00Z,FINISHED,19,Leicester City FC,Manchester City FC,0,0,,0,0
http://api.football-data.org/v1/fixtures/146914,http://api.football-data.org/v1/competitions/398,http://api.football-data.org/v1/teams/71,http://api.football-data.org/v1/teams/64,2015-12-30T19:45:00Z,FINISHED,19,Sunderland AFC,Liverpool FC,0,1,,0,0
http://api.football-data.org/v1/fixtures/146908,http://api.football-data.org/v1/competitions/398,http://api.football-data.org/v1/teams/563,http://api.football-data.org/v1/teams/64,2016-01-02T12:45:00Z,FINISHED,20,West Ham United FC,Liverpool FC,2,0,,1,0
http://api.football-data.org/v1/fixtures/146900,http://api.football-data.org/v1/competitions/398,http://api.football-data.org/v1/teams/57,http://api.football-data.org/v1/teams/67,2016-01-02T15:00:00Z,FINISHED,20,Arsenal FC,Newcastle United FC,1,0,,0,0
http://api.football-data.org/v1/fixtures/147098,http://api.football-data.org/v1/competitions/398,http://api.football-data.org/v1/teams/338,http://api.football-data.org/v1/teams/1044,2016-01-02T15:00:00Z,FINISHED,20,Leicester City FC,AFC Bournemouth,0,0,,0,0
http://api.football-data.org/v1/fixtures/146907,http://api.football-data.org/v1/competitions/398,http://api.football-data.org/v1/teams/74,http://api.football-data.org/v1/teams/70,2016-01-02T15:00:00Z,FINISHED,20,West Bromwich Albion FC,Stoke City FC,2,1,,0,0
http://api.football-data.org/v1/fixtures/146905,http://api.football-data.org/v1/competitions/398,http://api.football-data.org/v1/teams/71,http://api.football-data.org/v1/teams/58,2016-01-02T15:00:00Z,FINISHED,20,Sunderland AFC,Aston Villa FC,3,1,,1,0
http://api.football-data.org/v1/fixtures/146903,http://api.football-data.org/v1/competitions/398,http://api.football-data.org/v1/teams/66,http://api.football-data.org/v1/teams/72,2016-01-02T15:00:00Z,FINISHED,20,Manchester United FC,Swansea City FC,2,1,,0,0
http://api.football-data.org/v1/fixtures/146904,http://api.football-data.org/v1/competitions/398,http://api.football-data.org/v1/teams/68,http://api.football-data.org/v1/teams/340,2016-01-02T15:00:00Z,FINISHED,20,Norwich City FC,Southampton FC,1,0,,0,0
http://api.football-data.org/v1/fixtures/146906,http://api.football-data.org/v1/competitions/398,http://api.football-data.org/v1/teams/346,http://api.football-data.org/v1/teams/65,2016-01-02T17:30:00Z,FINISHED,20,Watford FC,Manchester City FC,1,2,,0,0
http://api.football-data.org/v1/fixtures/146901,http://api.football-data.org/v1/competitions/398,http://api.football-data.org/v1/teams/354,http://api.football-data.org/v1/teams/61,2016-01-03T13:30:00Z,FINISHED,20,Crystal Palace FC,Chelsea FC,0,3,,0,1
http://api.football-data.org/v1/fixtures/146902,http://api.football-data.org/v1/competitions/398,http://api.football-data.org/v1/teams/62,http://api.football-data.org/v1/teams/73,2016-01-03T16:00:00Z,FINISHED,20,Everton FC,Tottenham Hotspur FC,1,1,,1,1
http://api.football-data.org/v1/fixtures/146898,http://api.football-data.org/v1/competitions/398,http://api.football-data.org/v1/teams/58,http://api.football-data.org/v1/teams/354,2016-01-12T19:45:00Z,FINISHED,21,Aston Villa FC,Crystal Palace FC,1,0,,0,0
http://api.football-data.org/v1/fixtures/146894,http://api.football-data.org/v1/competitions/398,http://api.football-data.org/v1/teams/67,http://api.football-data.org/v1/teams/66,2016-01-12T19:45:00Z,FINISHED,21,Newcastle United FC,Manchester United FC,3,3,,1,2
http://api.football-data.org/v1/fixtures/147097,http://api.football-data.org/v1/competitions/398,http://api.football-data.org/v1/teams/1044,http://api.football-data.org/v1/teams/563,2016-01-12T19:45:00Z,FINISHED,21,AFC Bournemouth,West Ham United FC,1,3,,1,0
http://api.football-data.org/v1/fixtures/146899,http://api.football-data.org/v1/competitions/398,http://api.football-data.org/v1/teams/72,http://api.football-data.org/v1/teams/71,2016-01-13T19:45:00Z,FINISHED,21,Swansea City FC,Sunderland AFC,2,4,,2,1
http://api.football-data.org/v1/fixtures/146892,http://api.football-data.org/v1/competitions/398,http://api.football-data.org/v1/teams/61,http://api.football-data.org/v1/teams/74,2016-01-13T19:45:00Z,FINISHED,21,Chelsea FC,West Bromwich Albion FC,2,2,,1,1
http://api.football-data.org/v1/fixtures/146893,http://api.football-data.org/v1/competitions/398,http://api.football-data.org/v1/teams/65,http://api.football-data.org/v1/teams/62,2016-01-13T19:45:00Z,FINISHED,21,Manchester City FC,Everton FC,0,0,,0,0
http://api.football-data.org/v1/fixtures/146895,http://api.football-data.org/v1/competitions/398,http://api.football-data.org/v1/teams/340,http://api.football-data.org/v1/teams/346,2016-01-13T19:45:00Z,FINISHED,21,Southampton FC,Watford FC,2,0,,1,0
http://api.football-data.org/v1/fixtures/146896,http://api.football-data.org/v1/competitions/398,http://api.football-data.org/v1/teams/70,http://api.football-data.org/v1/teams/68,2016-01-13T19:45:00Z,FINISHED,21,Stoke City FC,Norwich City FC,3,1,,0,0
http://api.football-data.org/v1/fixtures/146891,http://api.football-data.org/v1/competitions/398,http://api.football-data.org/v1/teams/73,http://api.football-data.org/v1/teams/338,2016-01-13T20:00:00Z,FINISHED,21,Tottenham Hotspur FC,Leicester City FC,0,1,,0,0
http://api.football-data.org/v1/fixtures/146897,http://api.football-data.org/v1/competitions/398,http://api.football-data.org/v1/teams/64,http://api.football-data.org/v1/teams/57,2016-01-13T20:00:00Z,FINISHED,21,Liverpool FC,Arsenal FC,3,3,,2,2
http://api.football-data.org/v1/fixtures/146890,http://api.football-data.org/v1/competitions/398,http://api.football-data.org/v1/teams/73,http://api.football-data.org/v1/teams/71,2016-01-16T12:45:00Z,FINISHED,22,Tottenham Hotspur FC,Sunderland AFC,4,1,,1,1
http://api.football-data.org/v1/fixtures/147096,http://api.football-data.org/v1/competitions/398,http://api.football-data.org/v1/teams/1044,http://api.football-data.org/v1/teams/68,2016-01-16T15:00:00Z,FINISHED,22,AFC Bournemouth,Norwich City FC,3,0,,1,0
http://api.football-data.org/v1/fixtures/146883,http://api.football-data.org/v1/competitions/398,http://api.football-data.org/v1/teams/61,http://api.football-data.org/v1/teams/62,2016-01-16T15:00:00Z,FINISHED,22,Chelsea FC,Everton FC,3,3,,0,0
http://api.football-data.org/v1/fixtures/146885,http://api.football-data.org/v1/competitions/398,http://api.football-data.org/v1/teams/65,http://api.football-data.org/v1/teams/354,2016-01-16T15:00:00Z,FINISHED,22,Manchester City FC,Crystal Palace FC,4,0,,2,0
http://api.football-data.org/v1/fixtures/146886,http://api.football-data.org/v1/competitions/398,http://api.football-data.org/v1/teams/67,http://api.football-data.org/v1/teams/563,2016-01-16T15:00:00Z,FINISHED,22,Newcastle United FC,West Ham United FC,2,1,,2,0
http://api.football-data.org/v1/fixtures/146887,http://api.football-data.org/v1/competitions/398,http://api.football-data.org/v1/teams/340,http://api.football-data.org/v1/teams/74,2016-01-16T15:00:00Z,FINISHED,22,Southampton FC,West Bromwich Albion FC,3,0,,2,0
http://api.football-data.org/v1/fixtures/146882,http://api.football-data.org/v1/competitions/398,http://api.football-data.org/v1/teams/58,http://api.football-data.org/v1/teams/338,2016-01-16T17:30:00Z,FINISHED,22,Aston Villa FC,Leicester City FC,1,1,,0,1
http://api.football-data.org/v1/fixtures/146884,http://api.football-data.org/v1/competitions/398,http://api.football-data.org/v1/teams/64,http://api.football-data.org/v1/teams/66,2016-01-17T14:05:00Z,FINISHED,22,Liverpool FC,Manchester United FC,0,1,,0,0
http://api.football-data.org/v1/fixtures/146888,http://api.football-data.org/v1/competitions/398,http://api.football-data.org/v1/teams/70,http://api.football-data.org/v1/teams/57,2016-01-17T16:15:00Z,FINISHED,22,Stoke City FC,Arsenal FC,0,0,,0,0
http://api.football-data.org/v1/fixtures/146889,http://api.football-data.org/v1/competitions/398,http://api.football-data.org/v1/teams/72,http://api.football-data.org/v1/teams/346,2016-01-18T20:00:00Z,FINISHED,22,Swansea City FC,Watford FC,1,0,,1,0
http://api.football-data.org/v1/fixtures/146878,http://api.football-data.org/v1/competitions/398,http://api.football-data.org/v1/teams/68,http://api.football-data.org/v1/teams/64,2016-01-23T12:45:00Z,FINISHED,23,Norwich City FC,Liverpool FC,4,5,,2,1
http://api.football-data.org/v1/fixtures/147095,http://api.football-data.org/v1/competitions/398,http://api.football-data.org/v1/teams/71,http://api.football-data.org/v1/teams/1044,2016-01-23T15:00:00Z,FINISHED,23,Sunderland AFC,AFC Bournemouth,1,1,,1,1
http://api.football-data.org/v1/fixtures/146880,http://api.football-data.org/v1/competitions/398,http://api.football-data.org/v1/teams/74,http://api.football-data.org/v1/teams/58,2016-01-23T15:00:00Z,FINISHED,23,West Bromwich Albion FC,Aston Villa FC,0,0,,0,0
http://api.football-data.org/v1/fixtures/146876,http://api.football-data.org/v1/competitions/398,http://api.football-data.org/v1/teams/338,http://api.football-data.org/v1/teams/70,2016-01-23T15:00:00Z,FINISHED,23,Leicester City FC,Stoke City FC,3,0,,1,0
http://api.football-data.org/v1/fixtures/146877,http://api.football-data.org/v1/competitions/398,http://api.football-data.org/v1/teams/66,http://api.football-data.org/v1/teams/340,2016-01-23T15:00:00Z,FINISHED,23,Manchester United FC,Southampton FC,0,1,,0,0
http://api.football-data.org/v1/fixtures/146879,http://api.football-data.org/v1/competitions/398,http://api.football-data.org/v1/teams/346,http://api.football-data.org/v1/teams/67,2016-01-23T15:00:00Z,FINISHED,23,Watford FC,Newcastle United FC,2,1,,0,0
http://api.football-data.org/v1/fixtures/146874,http://api.football-data.org/v1/competitions/398,http://api.football-data.org/v1/teams/354,http://api.football-data.org/v1/teams/73,2016-01-23T15:00:00Z,FINISHED,23,Crystal Palace FC,Tottenham Hotspur FC,1,3,,1,0
http://api.football-data.org/v1/fixtures/146881,http://api.football-data.org/v1/competitions/398,http://api.football-data.org/v1/teams/563,http://api.football-data.org/v1/teams/65,2016-01-23T17:30:00Z,FINISHED,23,West Ham United FC,Manchester City FC,2,2,,,
http://api.football-data.org/v1/fixtures/146875,http://api.football-data.org/v1/competitions/398,http://api.football-data.org/v1/teams/62,http://api.football-data.org/v1/teams/72,2016-01-24T13:30:00Z,FINISHED,23,Everton FC,Swansea City FC,1,2,,,
http://api.football-data.org/v1/fixtures/146873,http://api.football-data.org/v1/competitions/398,http://api.football-data.org/v1/teams/57,http://api.football-data.org/v1/teams/61,2016-01-24T16:00:00Z,FINISHED,23,Arsenal FC,Chelsea FC,0,1,,,
http://api.football-data.org/v1/fixtures/146867,http://api.football-data.org/v1/competitions/398,http://api.football-data.org/v1/teams/57,http://api.football-data.org/v1/teams/340,2016-02-02T19:45:00Z,FINISHED,24,Arsenal FC,Southampton FC,0,0,,,
http://api.football-data.org/v1/fixtures/146868,http://api.football-data.org/v1/competitions/398,http://api.football-data.org/v1/teams/338,http://api.football-data.org/v1/teams/64,2016-02-02T19:45:00Z,FINISHED,24,Leicester City FC,Liverpool FC,2,0,,,
http://api.football-data.org/v1/fixtures/146869,http://api.football-data.org/v1/competitions/398,http://api.football-data.org/v1/teams/68,http://api.football-data.org/v1/teams/73,2016-02-02T19:45:00Z,FINISHED,24,Norwich City FC,Tottenham Hotspur FC,0,3,,,
http://api.football-data.org/v1/fixtures/146870,http://api.football-data.org/v1/competitions/398,http://api.football-data.org/v1/teams/71,http://api.football-data.org/v1/teams/65,2016-02-02T19:45:00Z,FINISHED,24,Sunderland AFC,Manchester City FC,0,1,,,
http://api.football-data.org/v1/fixtures/146872,http://api.football-data.org/v1/competitions/398,http://api.football-data.org/v1/teams/563,http://api.football-data.org/v1/teams/58,2016-02-02T19:45:00Z,FINISHED,24,West Ham United FC,Aston Villa FC,2,0,,,
http://api.football-data.org/v1/fixtures/146866,http://api.football-data.org/v1/competitions/398,http://api.football-data.org/v1/teams/74,http://api.football-data.org/v1/teams/72,2016-02-02T20:00:00Z,FINISHED,24,West Bromwich Albion FC,Swansea City FC,1,1,,,
http://api.football-data.org/v1/fixtures/147094,http://api.football-data.org/v1/competitions/398,http://api.football-data.org/v1/teams/354,http://api.football-data.org/v1/teams/1044,2016-02-02T20:00:00Z,FINISHED,24,Crystal Palace FC,AFC Bournemouth,1,2,,,
http://api.football-data.org/v1/fixtures/146865,http://api.football-data.org/v1/competitions/398,http://api.football-data.org/v1/teams/66,http://api.football-data.org/v1/teams/70,2016-02-02T20:00:00Z,FINISHED,24,Manchester United FC,Stoke City FC,3,0,,,
http://api.football-data.org/v1/fixtures/146871,http://api.football-data.org/v1/competitions/398,http://api.football-data.org/v1/teams/346,http://api.football-data.org/v1/teams/61,2016-02-03T19:45:00Z,FINISHED,24,Watford FC,Chelsea FC,0,0,,,
http://api.football-data.org/v1/fixtures/146864,http://api.football-data.org/v1/competitions/398,http://api.football-data.org/v1/teams/62,http://api.football-data.org/v1/teams/67,2016-02-03T19:45:00Z,FINISHED,24,Everton FC,Newcastle United FC,3,0,,,
http://api.football-data.org/v1/fixtures/146858,http://api.football-data.org/v1/competitions/398,http://api.football-data.org/v1/teams/65,http://api.football-data.org/v1/teams/338,2016-02-06T12:45:00Z,FINISHED,25,Manchester City FC,Leicester City FC,1,3,,,
http://api.football-data.org/v1/fixtures/146855,http://api.football-data.org/v1/competitions/398,http://api.football-data.org/v1/teams/58,http://api.football-data.org/v1/teams/68,2016-02-06T15:00:00Z,FINISHED,25,Aston Villa FC,Norwich City FC,2,0,,,
http://api.football-data.org/v1/fixtures/146857,http://api.football-data.org/v1/competitions/398,http://api.football-data.org/v1/teams/64,http://api.football-data.org/v1/teams/71,2016-02-06T15:00:00Z,FINISHED,25,Liverpool FC,Sunderland AFC,2,2,,,
http://api.football-data.org/v1/fixtures/146859,http://api.football-data.org/v1/competitions/398,http://api.football-data.org/v1/teams/67,http://api.football-data.org/v1/teams/74,2016-02-06T15:00:00Z,FINISHED,25,Newcastle United FC,West Bromwich Albion FC,1,0,,,
http://api.football-data.org/v1/fixtures/146863,http://api.football-data.org/v1/competitions/398,http://api.football-data.org/v1/teams/73,http://api.football-data.org/v1/teams/346,2016-02-06T15:00:00Z,FINISHED,25,Tottenham Hotspur FC,Watford FC,1,0,,,
http://api.football-data.org/v1/fixtures/146861,http://api.football-data.org/v1/competitions/398,http://api.football-data.org/v1/teams/70,http://api.football-data.org/v1/teams/62,2016-02-06T15:00:00Z,FINISHED,25,Stoke City FC,Everton FC,0,3,,,
http://api.football-data.org/v1/fixtures/146862,http://api.football-data.org/v1/competitions/398,http://api.football-data.org/v1/teams/72,http://api.football-data.org/v1/teams/354,2016-02-06T15:00:00Z,FINISHED,25,Swansea City FC,Crystal Palace FC,1,1,,,
http://api.football-data.org/v1/fixtures/146860,http://api.football-data.org/v1/competitions/398,http://api.football-data.org/v1/teams/340,http://api.football-data.org/v1/teams/563,2016-02-06T17:30:00Z,FINISHED,25,Southampton FC,West Ham United FC,1,0,,,
http://api.football-data.org/v1/fixtures/147093,http://api.football-data.org/v1/competitions/398,http://api.football-data.org/v1/teams/1044,http://api.football-data.org/v1/teams/57,2016-02-07T13:30:00Z,FINISHED,25,AFC Bournemouth,Arsenal FC,0,2,,,
http://api.football-data.org/v1/fixtures/146856,http://api.football-data.org/v1/competitions/398,http://api.football-data.org/v1/teams/61,http://api.football-data.org/v1/teams/66,2016-02-07T16:00:00Z,FINISHED,25,Chelsea FC,Manchester United FC,1,1,,,
http://api.football-data.org/v1/fixtures/146853,http://api.football-data.org/v1/competitions/398,http://api.football-data.org/v1/teams/71,http://api.football-data.org/v1/teams/66,2016-02-13T12:45:00Z,FINISHED,26,Sunderland AFC,Manchester United FC,2,1,,,
http://api.football-data.org/v1/fixtures/147092,http://api.football-data.org/v1/competitions/398,http://api.football-data.org/v1/teams/1044,http://api.football-data.org/v1/teams/70,2016-02-13T15:00:00Z,FINISHED,26,AFC Bournemouth,Stoke City FC,1,3,,,
http://api.football-data.org/v1/fixtures/146849,http://api.football-data.org/v1/competitions/398,http://api.football-data.org/v1/teams/354,http://api.football-data.org/v1/teams/346,2016-02-13T15:00:00Z,FINISHED,26,Crystal Palace FC,Watford FC,1,2,,,
http://api.football-data.org/v1/fixtures/146852,http://api.football-data.org/v1/competitions/398,http://api.football-data.org/v1/teams/68,http://api.football-data.org/v1/teams/563,2016-02-13T15:00:00Z,FINISHED,26,Norwich City FC,West Ham United FC,2,2,,,
http://api.football-data.org/v1/fixtures/146850,http://api.football-data.org/v1/competitions/398,http://api.football-data.org/v1/teams/62,http://api.football-data.org/v1/teams/74,2016-02-13T15:00:00Z,FINISHED,26,Everton FC,West Bromwich Albion FC,0,1,,,
http://api.football-data.org/v1/fixtures/146854,http://api.football-data.org/v1/competitions/398,http://api.football-data.org/v1/teams/72,http://api.football-data.org/v1/teams/340,2016-02-13T15:00:00Z,FINISHED,26,Swansea City FC,Southampton FC,0,1,,,
http://api.football-data.org/v1/fixtures/146848,http://api.football-data.org/v1/competitions/398,http://api.football-data.org/v1/teams/61,http://api.football-data.org/v1/teams/67,2016-02-13T17:30:00Z,FINISHED,26,Chelsea FC,Newcastle United FC,5,1,,,
http://api.football-data.org/v1/fixtures/146846,http://api.football-data.org/v1/competitions/398,http://api.football-data.org/v1/teams/57,http://api.football-data.org/v1/teams/338,2016-02-14T12:00:00Z,FINISHED,26,Arsenal FC,Leicester City FC,2,1,,,
http://api.football-data.org/v1/fixtures/146847,http://api.football-data.org/v1/competitions/398,http://api.football-data.org/v1/teams/58,http://api.football-data.org/v1/teams/64,2016-02-14T14:05:00Z,FINISHED,26,Aston Villa FC,Liverpool FC,0,6,,,
http://api.football-data.org/v1/fixtures/146851,http://api.football-data.org/v1/competitions/398,http://api.football-data.org/v1/teams/65,http://api.football-data.org/v1/teams/73,2016-02-14T16:15:00Z,FINISHED,26,Manchester City FC,Tottenham Hotspur FC,1,2,,,
http://api.football-data.org/v1/fixtures/146845,http://api.football-data.org/v1/competitions/398,http://api.football-data.org/v1/teams/563,http://api.football-data.org/v1/teams/71,2016-02-27T12:45:00Z,FINISHED,27,West Ham United FC,Sunderland AFC,1,0,,,
http://api.football-data.org/v1/fixtures/146837,http://api.football-data.org/v1/competitions/398,http://api.football-data.org/v1/teams/338,http://api.football-data.org/v1/teams/68,2016-02-27T15:00:00Z,FINISHED,27,Leicester City FC,Norwich City FC,1,0,,,
http://api.football-data.org/v1/fixtures/146841,http://api.football-data.org/v1/competitions/398,http://api.football-data.org/v1/teams/340,http://api.football-data.org/v1/teams/61,2016-02-27T15:00:00Z,FINISHED,27,Southampton FC,Chelsea FC,1,2,,,
http://api.football-data.org/v1/fixtures/146842,http://api.football-data.org/v1/competitions/398,http://api.football-data.org/v1/teams/70,http://api.football-data.org/v1/teams/58,2016-02-27T15:00:00Z,FINISHED,27,Stoke City FC,Aston Villa FC,2,1,,,
http://api.football-data.org/v1/fixtures/147091,http://api.football-data.org/v1/competitions/398,http://api.football-data.org/v1/teams/346,http://api.football-data.org/v1/teams/1044,2016-02-27T15:00:00Z,FINISHED,27,Watford FC,AFC Bournemouth,0,0,,,
http://api.football-data.org/v1/fixtures/146844,http://api.football-data.org/v1/competitions/398,http://api.football-data.org/v1/teams/74,http://api.football-data.org/v1/teams/354,2016-02-27T17:30:00Z,FINISHED,27,West Bromwich Albion FC,Crystal Palace FC,3,2,,,
http://api.football-data.org/v1/fixtures/146839,http://api.football-data.org/v1/competitions/398,http://api.football-data.org/v1/teams/66,http://api.football-data.org/v1/teams/57,2016-02-28T14:05:00Z,FINISHED,27,Manchester United FC,Arsenal FC,3,2,,,
http://api.football-data.org/v1/fixtures/146843,http://api.football-data.org/v1/competitions/398,http://api.football-data.org/v1/teams/73,http://api.football-data.org/v1/teams/72,2016-02-28T14:05:00Z,FINISHED,27,Tottenham Hotspur FC,Swansea City FC,2,1,,,
http://api.football-data.org/v1/fixtures/147090,http://api.football-data.org/v1/competitions/398,http://api.football-data.org/v1/teams/1044,http://api.football-data.org/v1/teams/340,2016-03-01T19:45:00Z,FINISHED,28,AFC Bournemouth,Southampton FC,2,0,,,
http://api.football-data.org/v1/fixtures/146832,http://api.football-data.org/v1/competitions/398,http://api.football-data.org/v1/teams/58,http://api.football-data.org/v1/teams/62,2016-03-01T19:45:00Z,FINISHED,28,Aston Villa FC,Everton FC,1,3,,,
http://api.football-data.org/v1/fixtures/146833,http://api.football-data.org/v1/competitions/398,http://api.football-data.org/v1/teams/338,http://api.football-data.org/v1/teams/74,2016-03-01T19:45:00Z,FINISHED,28,Leicester City FC,West Bromwich Albion FC,2,2,,,
http://api.football-data.org/v1/fixtures/146834,http://api.football-data.org/v1/competitions/398,http://api.football-data.org/v1/teams/68,http://api.football-data.org/v1/teams/61,2016-03-01T19:45:00Z,FINISHED,28,Norwich City FC,Chelsea FC,1,2,,,
http://api.football-data.org/v1/fixtures/146835,http://api.football-data.org/v1/competitions/398,http://api.football-data.org/v1/teams/71,http://api.football-data.org/v1/teams/354,2016-03-01T19:45:00Z,FINISHED,28,Sunderland AFC,Crystal Palace FC,2,2,,,
http://api.football-data.org/v1/fixtures/146831,http://api.football-data.org/v1/competitions/398,http://api.football-data.org/v1/teams/57,http://api.football-data.org/v1/teams/72,2016-03-02T19:45:00Z,FINISHED,28,Arsenal FC,Swansea City FC,1,2,,,
http://api.football-data.org/v1/fixtures/146828,http://api.football-data.org/v1/competitions/398,http://api.football-data.org/v1/teams/70,http://api.football-data.org/v1/teams/67,2016-03-02T19:45:00Z,FINISHED,28,Stoke City FC,Newcastle United FC,1,0,,,
http://api.football-data.org/v1/fixtures/146836,http://api.football-data.org/v1/competitions/398,http://api.football-data.org/v1/teams/563,http://api.football-data.org/v1/teams/73,2016-03-02T19:45:00Z,FINISHED,28,West Ham United FC,Tottenham Hotspur FC,1,0,,,
http://api.football-data.org/v1/fixtures/146830,http://api.football-data.org/v1/competitions/398,http://api.football-data.org/v1/teams/66,http://api.football-data.org/v1/teams/346,2016-03-02T20:00:00Z,FINISHED,28,Manchester United FC,Watford FC,1,0,,,
http://api.football-data.org/v1/fixtures/146829,http://api.football-data.org/v1/competitions/398,http://api.football-data.org/v1/teams/64,http://api.football-data.org/v1/teams/65,2016-03-02T20:00:00Z,FINISHED,28,Liverpool FC,Manchester City FC,3,0,,,
http://api.football-data.org/v1/fixtures/146825,http://api.football-data.org/v1/competitions/398,http://api.football-data.org/v1/teams/73,http://api.football-data.org/v1/teams/57,2016-03-05T12:45:00Z,FINISHED,29,Tottenham Hotspur FC,Arsenal FC,2,2,,,
http://api.football-data.org/v1/fixtures/146823,http://api.football-data.org/v1/competitions/398,http://api.football-data.org/v1/teams/340,http://api.football-data.org/v1/teams/71,2016-03-05T15:00:00Z,FINISHED,29,Southampton FC,Sunderland AFC,1,1,,,
http://api.football-data.org/v1/fixtures/146821,http://api.football-data.org/v1/competitions/398,http://api.football-data.org/v1/teams/62,http://api.football-data.org/v1/teams/563,2016-03-05T15:00:00Z,FINISHED,29,Everton FC,West Ham United FC,2,3,,,
http://api.football-data.org/v1/fixtures/146819,http://api.football-data.org/v1/competitions/398,http://api.football-data.org/v1/teams/61,http://api.football-data.org/v1/teams/70,2016-03-05T15:00:00Z,FINISHED,29,Chelsea FC,Stoke City FC,1,1,,,
http://api.football-data.org/v1/fixtures/146822,http://api.football-data.org/v1/competitions/398,http://api.football-data.org/v1/teams/65,http://api.football-data.org/v1/teams/58,2016-03-05T15:00:00Z,FINISHED,29,Manchester City FC,Aston Villa FC,4,0,,,
http://api.football-data.org/v1/fixtures/146824,http://api.football-data.org/v1/competitions/398,http://api.football-data.org/v1/teams/72,http://api.football-data.org/v1/teams/68,2016-03-05T15:00:00Z,FINISHED,29,Swansea City FC,Norwich City FC,1,0,,,
http://api.football-data.org/v1/fixtures/147089,http://api.football-data.org/v1/competitions/398,http://api.football-data.org/v1/teams/67,http://api.football-data.org/v1/teams/1044,2016-03-05T15:00:00Z,FINISHED,29,Newcastle United FC,AFC Bournemouth,1,3,,,
http://api.football-data.org/v1/fixtures/146826,http://api.football-data.org/v1/competitions/398,http://api.football-data.org/v1/teams/346,http://api.football-data.org/v1/teams/338,2016-03-05T17:30:00Z,FINISHED,29,Watford FC,Leicester City FC,0,1,,,
http://api.football-data.org/v1/fixtures/146820,http://api.football-data.org/v1/competitions/398,http://api.football-data.org/v1/teams/354,http://api.football-data.org/v1/teams/64,2016-03-06T13:30:00Z,FINISHED,29,Crystal Palace FC,Liverpool FC,1,2,,,
http://api.football-data.org/v1/fixtures/146827,http://api.football-data.org/v1/competitions/398,http://api.football-data.org/v1/teams/74,http://api.football-data.org/v1/teams/66,2016-03-06T16:00:00Z,FINISHED,29,West Bromwich Albion FC,Manchester United FC,1,0,,,
http://api.football-data.org/v1/fixtures/146815,http://api.football-data.org/v1/competitions/398,http://api.football-data.org/v1/teams/68,http://api.football-data.org/v1/teams/65,2016-03-12T12:45:00Z,FINISHED,30,Norwich City FC,Manchester City FC,0,0,,,
http://api.football-data.org/v1/fixtures/147088,http://api.football-data.org/v1/competitions/398,http://api.football-data.org/v1/teams/1044,http://api.football-data.org/v1/teams/72,2016-03-12T15:00:00Z,FINISHED,30,AFC Bournemouth,Swansea City FC,3,2,,,
http://api.football-data.org/v1/fixtures/146816,http://api.football-data.org/v1/competitions/398,http://api.football-data.org/v1/teams/70,http://api.football-data.org/v1/teams/340,2016-03-12T15:00:00Z,FINISHED,30,Stoke City FC,Southampton FC,1,2,,,
http://api.football-data.org/v1/fixtures/146811,http://api.football-data.org/v1/competitions/398,http://api.football-data.org/v1/teams/58,http://api.football-data.org/v1/teams/73,2016-03-13T16:00:00Z,FINISHED,30,Aston Villa FC,Tottenham Hotspur FC,0,2,,,
http://api.football-data.org/v1/fixtures/146812,http://api.football-data.org/v1/competitions/398,http://api.football-data.org/v1/teams/338,http://api.football-data.org/v1/teams/67,2016-03-14T20:00:00Z,FINISHED,30,Leicester City FC,Newcastle United FC,1,0,,,
http://api.football-data.org/v1/fixtures/146803,http://api.football-data.org/v1/competitions/398,http://api.football-data.org/v1/teams/62,http://api.football-data.org/v1/teams/57,2016-03-19T12:45:00Z,FINISHED,31,Everton FC,Arsenal FC,0,2,,,
http://api.football-data.org/v1/fixtures/146801,http://api.football-data.org/v1/competitions/398,http://api.football-data.org/v1/teams/61,http://api.football-data.org/v1/teams/563,2016-03-19T15:00:00Z,FINISHED,31,Chelsea FC,West Ham United FC,2,2,,,
http://api.football-data.org/v1/fixtures/146802,http://api.football-data.org/v1/competitions/398,http://api.football-data.org/v1/teams/354,http://api.football-data.org/v1/teams/338,2016-03-19T15:00:00Z,FINISHED,31,Crystal Palace FC,Leicester City FC,0,1,,,
http://api.football-data.org/v1/fixtures/146809,http://api.football-data.org/v1/competitions/398,http://api.football-data.org/v1/teams/74,http://api.football-data.org/v1/teams/68,2016-03-19T15:00:00Z,FINISHED,31,West Bromwich Albion FC,Norwich City FC,0,1,,,
http://api.football-data.org/v1/fixtures/146808,http://api.football-data.org/v1/competitions/398,http://api.football-data.org/v1/teams/346,http://api.football-data.org/v1/teams/70,2016-03-19T15:00:00Z,FINISHED,31,Watford FC,Stoke City FC,1,2,,,
http://api.football-data.org/v1/fixtures/146807,http://api.football-data.org/v1/competitions/398,http://api.football-data.org/v1/teams/72,http://api.football-data.org/v1/teams/58,2016-03-19T17:30:00Z,FINISHED,31,Swansea City FC,Aston Villa FC,1,0,,,
http://api.football-data.org/v1/fixtures/146806,http://api.football-data.org/v1/competitions/398,http://api.football-data.org/v1/teams/340,http://api.football-data.org/v1/teams/64,2016-03-20T13:30:00Z,FINISHED,31,Southampton FC,Liverpool FC,3,2,,,
http://api.football-data.org/v1/fixtures/146805,http://api.football-data.org/v1/competitions/398,http://api.football-data.org/v1/teams/67,http://api.football-data.org/v1/teams/71,2016-03-20T13:30:00Z,FINISHED,31,Newcastle United FC,Sunderland AFC,1,1,,,
http://api.football-data.org/v1/fixtures/146804,http://api.football-data.org/v1/competitions/398,http://api.football-data.org/v1/teams/65,http://api.football-data.org/v1/teams/66,2016-03-20T16:00:00Z,FINISHED,31,Manchester City FC,Manchester United FC,0,1,,,
http://api.football-data.org/v1/fixtures/147087,http://api.football-data.org/v1/competitions/398,http://api.football-data.org/v1/teams/73,http://api.football-data.org/v1/teams/1044,2016-03-20T16:00:00Z,FINISHED,31,Tottenham Hotspur FC,AFC Bournemouth,3,0,,,
http://api.football-data.org/v1/fixtures/146793,http://api.football-data.org/v1/competitions/398,http://api.football-data.org/v1/teams/58,http://api.football-data.org/v1/teams/61,2016-04-02T11:45:00Z,FINISHED,32,Aston Villa FC,Chelsea FC,0,4,,,
http://api.football-data.org/v1/fixtures/147086,http://api.football-data.org/v1/competitions/398,http://api.football-data.org/v1/teams/1044,http://api.football-data.org/v1/teams/65,2016-04-02T14:00:00Z,FINISHED,32,AFC Bournemouth,Manchester City FC,0,4,,,
http://api.football-data.org/v1/fixtures/146792,http://api.football-data.org/v1/competitions/398,http://api.football-data.org/v1/teams/57,http://api.football-data.org/v1/teams/346,2016-04-02T14:00:00Z,FINISHED,32,Arsenal FC,Watford FC,4,0,,,
http://api.football-data.org/v1/fixtures/146800,http://api.football-data.org/v1/competitions/398,http://api.football-data.org/v1/teams/563,http://api.football-data.org/v1/teams/354,2016-04-02T14:00:00Z,FINISHED,32,West Ham United FC,Crystal Palace FC,2,2,,,
http://api.football-data.org/v1/fixtures/146797,http://api.football-data.org/v1/competitions/398,http://api.football-data.org/v1/teams/68,http://api.football-data.org/v1/teams/67,2016-04-02T14:00:00Z,FINISHED,32,Norwich City FC,Newcastle United FC,3,2,,,
http://api.football-data.org/v1/fixtures/146798,http://api.football-data.org/v1/competitions/398,http://api.football-data.org/v1/teams/70,http://api.football-data.org/v1/teams/72,2016-04-02T14:00:00Z,FINISHED,32,Stoke City FC,Swansea City FC,2,2,,,
http://api.football-data.org/v1/fixtures/146799,http://api.football-data.org/v1/competitions/398,http://api.football-data.org/v1/teams/71,http://api.football-data.org/v1/teams/74,2016-04-02T14:00:00Z,FINISHED,32,Sunderland AFC,West Bromwich Albion FC,0,0,,,
http://api.football-data.org/v1/fixtures/146795,http://api.football-data.org/v1/competitions/398,http://api.football-data.org/v1/teams/64,http://api.football-data.org/v1/teams/73,2016-04-02T16:30:00Z,FINISHED,32,Liverpool FC,Tottenham Hotspur FC,1,1,,,
http://api.football-data.org/v1/fixtures/146794,http://api.football-data.org/v1/competitions/398,http://api.football-data.org/v1/teams/338,http://api.football-data.org/v1/teams/340,2016-04-03T12:30:00Z,FINISHED,32,Leicester City FC,Southampton FC,1,0,,,
http://api.football-data.org/v1/fixtures/146796,http://api.football-data.org/v1/competitions/398,http://api.football-data.org/v1/teams/66,http://api.football-data.org/v1/teams/62,2016-04-03T15:00:00Z,FINISHED,32,Manchester United FC,Everton FC,1,0,,,
http://api.football-data.org/v1/fixtures/146791,http://api.football-data.org/v1/competitions/398,http://api.football-data.org/v1/teams/563,http://api.football-data.org/v1/teams/57,2016-04-09T11:45:00Z,FINISHED,33,West Ham United FC,Arsenal FC,3,3,,,
http://api.football-data.org/v1/fixtures/146788,http://api.football-data.org/v1/competitions/398,http://api.football-data.org/v1/teams/72,http://api.football-data.org/v1/teams/61,2016-04-09T14:00:00Z,FINISHED,33,Swansea City FC,Chelsea FC,1,0,,,
http://api.football-data.org/v1/fixtures/146786,http://api.football-data.org/v1/competitions/398,http://api.football-data.org/v1/teams/340,http://api.football-data.org/v1/teams/67,2016-04-09T14:00:00Z,FINISHED,33,Southampton FC,Newcastle United FC,3,1,,,
http://api.football-data.org/v1/fixtures/146783,http://api.football-data.org/v1/competitions/398,http://api.football-data.org/v1/teams/354,http://api.football-data.org/v1/teams/68,2016-04-09T14:00:00Z,FINISHED,33,Crystal Palace FC,Norwich City FC,1,0,,,
http://api.football-data.org/v1/fixtures/146790,http://api.football-data.org/v1/competitions/398,http://api.football-data.org/v1/teams/346,http://api.football-data.org/v1/teams/62,2016-04-09T14:00:00Z,FINISHED,33,Watford FC,Everton FC,1,1,,,
http://api.football-data.org/v1/fixtures/147085,http://api.football-data.org/v1/competitions/398,http://api.football-data.org/v1/teams/58,http://api.football-data.org/v1/teams/1044,2016-04-09T14:00:00Z,FINISHED,33,Aston Villa FC,AFC Bournemouth,1,2,,,
http://api.football-data.org/v1/fixtures/146785,http://api.football-data.org/v1/competitions/398,http://api.football-data.org/v1/teams/65,http://api.football-data.org/v1/teams/74,2016-04-09T16:30:00Z,FINISHED,33,Manchester City FC,West Bromwich Albion FC,2,1,,,
http://api.football-data.org/v1/fixtures/146787,http://api.football-data.org/v1/competitions/398,http://api.football-data.org/v1/teams/71,http://api.football-data.org/v1/teams/338,2016-04-10T12:30:00Z,FINISHED,33,Sunderland AFC,Leicester City FC,0,2,,,
http://api.football-data.org/v1/fixtures/146789,http://api.football-data.org/v1/competitions/398,http://api.football-data.org/v1/teams/73,http://api.football-data.org/v1/teams/66,2016-04-10T15:00:00Z,FINISHED,33,Tottenham Hotspur FC,Manchester United FC,3,0,,,
http://api.football-data.org/v1/fixtures/146784,http://api.football-data.org/v1/competitions/398,http://api.football-data.org/v1/teams/64,http://api.football-data.org/v1/teams/70,2016-04-10T15:00:00Z,FINISHED,33,Liverpool FC,Stoke City FC,4,1,,,
http://api.football-data.org/v1/fixtures/146766,http://api.football-data.org/v1/competitions/398,http://api.football-data.org/v1/teams/354,http://api.football-data.org/v1/teams/62,2016-04-13T19:00:00Z,FINISHED,35,Crystal Palace FC,Everton FC,0,0,,,
http://api.football-data.org/v1/fixtures/146780,http://api.football-data.org/v1/competitions/398,http://api.football-data.org/v1/teams/68,http://api.football-data.org/v1/teams/71,2016-04-16T11:45:00Z,FINISHED,34,Norwich City FC,Sunderland AFC,0,3,,,
http://api.football-data.org/v1/fixtures/146782,http://api.football-data.org/v1/competitions/398,http://api.football-data.org/v1/teams/74,http://api.football-data.org/v1/teams/346,2016-04-16T14:00:00Z,FINISHED,34,West Bromwich Albion FC,Watford FC,0,1,,,
http://api.football-data.org/v1/fixtures/146776,http://api.football-data.org/v1/competitions/398,http://api.football-data.org/v1/teams/62,http://api.football-data.org/v1/teams/340,2016-04-16T14:00:00Z,FINISHED,34,Everton FC,Southampton FC,1,1,,,
http://api.football-data.org/v1/fixtures/146778,http://api.football-data.org/v1/competitions/398,http://api.football-data.org/v1/teams/66,http://api.football-data.org/v1/teams/58,2016-04-16T14:00:00Z,FINISHED,34,Manchester United FC,Aston Villa FC,1,0,,,
http://api.football-data.org/v1/fixtures/146779,http://api.football-data.org/v1/competitions/398,http://api.football-data.org/v1/teams/67,http://api.football-data.org/v1/teams/72,2016-04-16T14:00:00Z,FINISHED,34,Newcastle United FC,Swansea City FC,3,0,,,
http://api.football-data.org/v1/fixtures/146775,http://api.football-data.org/v1/competitions/398,http://api.football-data.org/v1/teams/61,http://api.football-data.org/v1/teams/65,2016-04-16T16:30:00Z,FINISHED,34,Chelsea FC,Manchester City FC,0,3,,,
http://api.football-data.org/v1/fixtures/146777,http://api.football-data.org/v1/competitions/398,http://api.football-data.org/v1/teams/338,http://api.football-data.org/v1/teams/563,2016-04-17T12:30:00Z,FINISHED,34,Leicester City FC,West Ham United FC,2,2,,,
http://api.football-data.org/v1/fixtures/147084,http://api.football-data.org/v1/competitions/398,http://api.football-data.org/v1/teams/1044,http://api.football-data.org/v1/teams/64,2016-04-17T12:30:00Z,FINISHED,34,AFC Bournemouth,Liverpool FC,1,2,,,
http://api.football-data.org/v1/fixtures/146774,http://api.football-data.org/v1/competitions/398,http://api.football-data.org/v1/teams/57,http://api.football-data.org/v1/teams/354,2016-04-17T15:00:00Z,FINISHED,34,Arsenal FC,Crystal Palace FC,1,1,,,
http://api.football-data.org/v1/fixtures/146781,http://api.football-data.org/v1/competitions/398,http://api.football-data.org/v1/teams/70,http://api.football-data.org/v1/teams/73,2016-04-18T19:00:00Z,FINISHED,34,Stoke City FC,Tottenham Hotspur FC,0,4,,,
http://api.football-data.org/v1/fixtures/146840,http://api.football-data.org/v1/competitions/398,http://api.football-data.org/v1/teams/67,http://api.football-data.org/v1/teams/65,2016-04-19T18:45:00Z,FINISHED,27,Newcastle United FC,Manchester City FC,1,1,,,
http://api.football-data.org/v1/fixtures/146818,http://api.football-data.org/v1/competitions/398,http://api.football-data.org/v1/teams/563,http://api.football-data.org/v1/teams/346,2016-04-20T18:45:00Z,FINISHED,30,West Ham United FC,Watford FC,3,1,,,
http://api.football-data.org/v1/fixtures/146814,http://api.football-data.org/v1/competitions/398,http://api.football-data.org/v1/teams/66,http://api.football-data.org/v1/teams/354,2016-04-20T19:00:00Z,FINISHED,30,Manchester United FC,Crystal Palace FC,2,0,,,
http://api.football-data.org/v1/fixtures/146838,http://api.football-data.org/v1/competitions/398,http://api.football-data.org/v1/teams/64,http://api.football-data.org/v1/teams/62,2016-04-20T19:00:00Z,FINISHED,27,Liverpool FC,Everton FC,4,0,,,
http://api.football-data.org/v1/fixtures/146810,http://api.football-data.org/v1/competitions/398,http://api.football-data.org/v1/teams/57,http://api.football-data.org/v1/teams/74,2016-04-21T18:45:00Z,FINISHED,30,Arsenal FC,West Bromwich Albion FC,2,0,,,
http://api.football-data.org/v1/fixtures/147083,http://api.football-data.org/v1/competitions/398,http://api.football-data.org/v1/teams/1044,http://api.football-data.org/v1/teams/61,2016-04-23T14:00:00Z,FINISHED,35,AFC Bournemouth,Chelsea FC,1,4,,,
http://api.football-data.org/v1/fixtures/146768,http://api.football-data.org/v1/competitions/398,http://api.football-data.org/v1/teams/64,http://api.football-data.org/v1/teams/67,2016-04-23T14:00:00Z,FINISHED,35,Liverpool FC,Newcastle United FC,2,2,,,
http://api.football-data.org/v1/fixtures/146765,http://api.football-data.org/v1/competitions/398,http://api.football-data.org/v1/teams/58,http://api.football-data.org/v1/teams/340,2016-04-23T14:00:00Z,FINISHED,35,Aston Villa FC,Southampton FC,2,4,,,
http://api.football-data.org/v1/fixtures/146769,http://api.football-data.org/v1/competitions/398,http://api.football-data.org/v1/teams/65,http://api.football-data.org/v1/teams/70,2016-04-24T11:00:00Z,FINISHED,35,Manchester City FC,Stoke City FC,4,0,,,
http://api.football-data.org/v1/fixtures/146771,http://api.football-data.org/v1/competitions/398,http://api.football-data.org/v1/teams/71,http://api.football-data.org/v1/teams/57,2016-04-24T13:05:00Z,FINISHED,35,Sunderland AFC,Arsenal FC,0,0,,,
http://api.football-data.org/v1/fixtures/146767,http://api.football-data.org/v1/competitions/398,http://api.football-data.org/v1/teams/338,http://api.football-data.org/v1/teams/72,2016-04-24T15:15:00Z,FINISHED,35,Leicester City FC,Swansea City FC,4,0,,,
http://api.football-data.org/v1/fixtures/146772,http://api.football-data.org/v1/competitions/398,http://api.football-data.org/v1/teams/73,http://api.football-data.org/v1/teams/74,2016-04-25T19:00:00Z,FINISHED,35,Tottenham Hotspur FC,West Bromwich Albion FC,1,1,,,
http://api.football-data.org/v1/fixtures/146761,http://api.football-data.org/v1/competitions/398,http://api.football-data.org/v1/teams/70,http://api.football-data.org/v1/teams/71,2016-04-30T14:00:00Z,FINISHED,36,Stoke City FC,Sunderland AFC,1,1,,,
http://api.football-data.org/v1/fixtures/146759,http://api.football-data.org/v1/competitions/398,http://api.football-data.org/v1/teams/67,http://api.football-data.org/v1/teams/354,2016-04-30T14:00:00Z,FINISHED,36,Newcastle United FC,Crystal Palace FC,1,0,,,
http://api.football-data.org/v1/fixtures/146764,http://api.football-data.org/v1/competitions/398,http://api.football-data.org/v1/teams/74,http://api.football-data.org/v1/teams/563,2016-04-30T14:00:00Z,FINISHED,36,West Bromwich Albion FC,West Ham United FC,0,3,,,
http://api.football-data.org/v1/fixtures/147082,http://api.football-data.org/v1/competitions/398,http://api.football-data.org/v1/teams/62,http://api.football-data.org/v1/teams/1044,2016-04-30T14:00:00Z,FINISHED,36,Everton FC,AFC Bournemouth,2,1,,,
http://api.football-data.org/v1/fixtures/146763,http://api.football-data.org/v1/competitions/398,http://api.football-data.org/v1/teams/346,http://api.football-data.org/v1/teams/58,2016-04-30T14:00:00Z,FINISHED,36,Watford FC,Aston Villa FC,3,2,,,
http://api.football-data.org/v1/fixtures/146756,http://api.football-data.org/v1/competitions/398,http://api.football-data.org/v1/teams/57,http://api.football-data.org/v1/teams/68,2016-04-30T16:30:00Z,FINISHED,36,Arsenal FC,Norwich City FC,1,0,,,
http://api.football-data.org/v1/fixtures/146762,http://api.football-data.org/v1/competitions/398,http://api.football-data.org/v1/teams/72,http://api.football-data.org/v1/teams/64,2016-05-01T11:00:00Z,FINISHED,36,Swansea City FC,Liverpool FC,3,1,,,
http://api.football-data.org/v1/fixtures/146758,http://api.football-data.org/v1/competitions/398,http://api.football-data.org/v1/teams/66,http://api.football-data.org/v1/teams/338,2016-05-01T13:05:00Z,FINISHED,36,Manchester United FC,Leicester City FC,1,1,,,
http://api.football-data.org/v1/fixtures/146760,http://api.football-data.org/v1/competitions/398,http://api.football-data.org/v1/teams/340,http://api.football-data.org/v1/teams/65,2016-05-01T15:30:00Z,FINISHED,36,Southampton FC,Manchester City FC,4,2,,,
http://api.football-data.org/v1/fixtures/146757,http://api.football-data.org/v1/competitions/398,http://api.football-data.org/v1/teams/61,http://api.football-data.org/v1/teams/73,2016-05-02T19:00:00Z,FINISHED,36,Chelsea FC,Tottenham Hotspur FC,2,2,,,
http://api.football-data.org/v1/fixtures/146752,http://api.football-data.org/v1/competitions/398,http://api.football-data.org/v1/teams/68,http://api.football-data.org/v1/teams/66,2016-05-07T11:45:00Z,FINISHED,37,Norwich City FC,Manchester United FC,0,1,,,
http://api.football-data.org/v1/fixtures/146755,http://api.football-data.org/v1/competitions/398,http://api.football-data.org/v1/teams/563,http://api.football-data.org/v1/teams/72,2016-05-07T14:00:00Z,FINISHED,37,West Ham United FC,Swansea City FC,1,4,,,
http://api.football-data.org/v1/fixtures/146747,http://api.football-data.org/v1/competitions/398,http://api.football-data.org/v1/teams/58,http://api.football-data.org/v1/teams/67,2016-05-07T14:00:00Z,FINISHED,37,Aston Villa FC,Newcastle United FC,0,0,,,
http://api.football-data.org/v1/fixtures/147081,http://api.football-data.org/v1/competitions/398,http://api.football-data.org/v1/teams/1044,http://api.football-data.org/v1/teams/74,2016-05-07T14:00:00Z,FINISHED,37,AFC Bournemouth,West Bromwich Albion FC,1,1,,,
http://api.football-data.org/v1/fixtures/146748,http://api.football-data.org/v1/competitions/398,http://api.football-data.org/v1/teams/354,http://api.football-data.org/v1/teams/70,2016-05-07T14:00:00Z,FINISHED,37,Crystal Palace FC,Stoke City FC,2,1,,,
http://api.football-data.org/v1/fixtures/146753,http://api.football-data.org/v1/competitions/398,http://api.football-data.org/v1/teams/71,http://api.football-data.org/v1/teams/61,2016-05-07T14:00:00Z,FINISHED,37,Sunderland AFC,Chelsea FC,3,2,,,
http://api.football-data.org/v1/fixtures/146749,http://api.football-data.org/v1/competitions/398,http://api.football-data.org/v1/teams/338,http://api.football-data.org/v1/teams/62,2016-05-07T16:30:00Z,FINISHED,37,Leicester City FC,Everton FC,3,1,,,
http://api.football-data.org/v1/fixtures/146754,http://api.football-data.org/v1/competitions/398,http://api.football-data.org/v1/teams/73,http://api.football-data.org/v1/teams/340,2016-05-08T12:30:00Z,FINISHED,37,Tottenham Hotspur FC,Southampton FC,1,2,,,
http://api.football-data.org/v1/fixtures/146750,http://api.football-data.org/v1/competitions/398,http://api.football-data.org/v1/teams/64,http://api.football-data.org/v1/teams/346,2016-05-08T15:00:00Z,FINISHED,37,Liverpool FC,Watford FC,2,0,,,
http://api.football-data.org/v1/fixtures/146751,http://api.football-data.org/v1/competitions/398,http://api.football-data.org/v1/teams/65,http://api.football-data.org/v1/teams/57,2016-05-08T15:00:00Z,FINISHED,37,Manchester City FC,Arsenal FC,2,2,,,
http://api.football-data.org/v1/fixtures/146773,http://api.football-data.org/v1/competitions/398,http://api.football-data.org/v1/teams/563,http://api.football-data.org/v1/teams/66,2016-05-10T18:45:00Z,FINISHED,35,West Ham United FC,Manchester United FC,3,2,,,
http://api.football-data.org/v1/fixtures/146817,http://api.football-data.org/v1/competitions/398,http://api.football-data.org/v1/teams/71,http://api.football-data.org/v1/teams/62,2016-05-11T18:45:00Z,FINISHED,30,Sunderland AFC,Everton FC,3,0,,,
http://api.football-data.org/v1/fixtures/146770,http://api.football-data.org/v1/competitions/398,http://api.football-data.org/v1/teams/68,http://api.football-data.org/v1/teams/346,2016-05-11T18:45:00Z,FINISHED,35,Norwich City FC,Watford FC,4,2,,,
http://api.football-data.org/v1/fixtures/146813,http://api.football-data.org/v1/competitions/398,http://api.football-data.org/v1/teams/64,http://api.football-data.org/v1/teams/61,2016-05-11T19:00:00Z,FINISHED,30,Liverpool FC,Chelsea FC,1,1,,,
http://api.football-data.org/v1/fixtures/146738,http://api.football-data.org/v1/competitions/398,http://api.football-data.org/v1/teams/57,http://api.football-data.org/v1/teams/58,2016-05-15T14:00:00Z,FINISHED,38,Arsenal FC,Aston Villa FC,4,0,,,
http://api.football-data.org/v1/fixtures/146739,http://api.football-data.org/v1/competitions/398,http://api.football-data.org/v1/teams/61,http://api.football-data.org/v1/teams/338,2016-05-15T14:00:00Z,FINISHED,38,Chelsea FC,Leicester City FC,1,1,,,
http://api.football-data.org/v1/fixtures/146740,http://api.football-data.org/v1/competitions/398,http://api.football-data.org/v1/teams/62,http://api.football-data.org/v1/teams/68,2016-05-15T14:00:00Z,FINISHED,38,Everton FC,Norwich City FC,3,0,,,
http://api.football-data.org/v1/fixtures/146741,http://api.football-data.org/v1/competitions/398,http://api.football-data.org/v1/teams/67,http://api.football-data.org/v1/teams/73,2016-05-15T14:00:00Z,FINISHED,38,Newcastle United FC,Tottenham Hotspur FC,5,1,,,
http://api.football-data.org/v1/fixtures/146742,http://api.football-data.org/v1/competitions/398,http://api.football-data.org/v1/teams/340,http://api.football-data.org/v1/teams/354,2016-05-15T14:00:00Z,FINISHED,38,Southampton FC,Crystal Palace FC,4,1,,,
http://api.football-data.org/v1/fixtures/146743,http://api.football-data.org/v1/competitions/398,http://api.football-data.org/v1/teams/70,http://api.football-data.org/v1/teams/563,2016-05-15T14:00:00Z,FINISHED,38,Stoke City FC,West Ham United FC,2,1,,,
http://api.football-data.org/v1/fixtures/146744,http://api.football-data.org/v1/competitions/398,http://api.football-data.org/v1/teams/72,http://api.football-data.org/v1/teams/65,2016-05-15T14:00:00Z,FINISHED,38,Swansea City FC,Manchester City FC,1,1,,,
http://api.football-data.org/v1/fixtures/146746,http://api.football-data.org/v1/competitions/398,http://api.football-data.org/v1/teams/74,http://api.football-data.org/v1/teams/64,2016-05-15T14:00:00Z,FINISHED,38,West Bromwich Albion FC,Liverpool FC,1,1,,,
http://api.football-data.org/v1/fixtures/146745,http://api.football-data.org/v1/competitions/398,http://api.football-data.org/v1/teams/346,http://api.football-data.org/v1/teams/71,2016-05-15T14:00:00Z,FINISHED,38,Watford FC,Sunderland AFC,2,2,,,
http://api.football-data.org/v1/fixtures/147080,http://api.football-data.org/v1/competitions/398,http://api.football-data.org/v1/teams/66,http://api.football-data.org/v1/teams/1044,2016-05-17T19:00:00Z,FINISHED,38,Manchester United FC,AFC Bournemouth,3,1,,,
