_links/self/href,_links/competition/href,_links/homeTeam/href,_links/awayTeam/href,date,status,matchday,homeTeamName,awayTeamName,result/goalsHomeTeam,result/goalsAwayTeam,result/halfTime/goalsHomeTeam,result/halfTime/goalsAwayTeam,odds/homeWin,odds/draw,odds/awayWin,odds
http://api.football-data.org/v1/fixtures/154041,http://api.football-data.org/v1/competitions/436,http://api.football-data.org/v1/teams/84,http://api.football-data.org/v1/teams/79,2016-08-19T18:45:00Z,FINISHED,1,Málaga CF,CA Osasuna,1,1,0,0,1.72,3.6,4.8,
http://api.football-data.org/v1/fixtures/154039,http://api.football-data.org/v1/competitions/436,http://api.football-data.org/v1/teams/560,http://api.football-data.org/v1/teams/278,2016-08-19T20:00:00Z,FINISHED,1,RC Deportivo La Coruna,SD Eibar,2,1,0,0,2.05,3.3,3.6,
http://api.football-data.org/v1/fixtures/154037,http://api.football-data.org/v1/competitions/436,http://api.football-data.org/v1/teams/81,http://api.football-data.org/v1/teams/90,2016-08-20T16:15:00Z,FINISHED,1,FC Barcelona,Real Betis,6,2,3,1,1.08,10,34,
http://api.football-data.org/v1/fixtures/154040,http://api.football-data.org/v1/competitions/436,http://api.football-data.org/v1/teams/83,http://api.football-data.org/v1/teams/94,2016-08-20T18:15:00Z,FINISHED,1,Granada CF,Villarreal CF,1,1,0,0,2.7,3.3,2.6,
http://api.football-data.org/v1/fixtures/154043,http://api.football-data.org/v1/competitions/436,http://api.football-data.org/v1/teams/559,http://api.football-data.org/v1/teams/80,2016-08-20T20:15:00Z,FINISHED,1,Sevilla FC,RCD Espanyol,6,4,3,3,1.6,4.2,5.5,
http://api.football-data.org/v1/fixtures/154044,http://api.football-data.org/v1/competitions/436,http://api.football-data.org/v1/teams/96,http://api.football-data.org/v1/teams/77,2016-08-21T16:15:00Z,FINISHED,1,Sporting Gijón,Athletic Club,2,1,0,0,3.5,3.5,2.05,
http://api.football-data.org/v1/fixtures/154042,http://api.football-data.org/v1/competitions/436,http://api.football-data.org/v1/teams/92,http://api.football-data.org/v1/teams/86,2016-08-21T18:15:00Z,FINISHED,1,Real Sociedad de Fútbol,Real Madrid CF,0,3,0,2,4.8,4,1.65,
http://api.football-data.org/v1/fixtures/154036,http://api.football-data.org/v1/competitions/436,http://api.football-data.org/v1/teams/78,http://api.football-data.org/v1/teams/263,2016-08-21T20:15:00Z,FINISHED,1,Club Atlético de Madrid,Deportivo Alavés,1,1,0,0,1.22,5.5,17,
http://api.football-data.org/v1/fixtures/154038,http://api.football-data.org/v1/competitions/436,http://api.football-data.org/v1/teams/558,http://api.football-data.org/v1/teams/745,2016-08-22T18:00:00Z,FINISHED,1,RC Celta de Vigo,CD Leganes,0,1,0,0,1.53,4,6.5,
http://api.football-data.org/v1/fixtures/154045,http://api.football-data.org/v1/competitions/436,http://api.football-data.org/v1/teams/95,http://api.football-data.org/v1/teams/275,2016-08-22T20:00:00Z,FINISHED,1,Valencia CF,UD Las Palmas,2,4,2,3,1.61,3.8,5.5,
http://api.football-data.org/v1/fixtures/154033,http://api.football-data.org/v1/competitions/436,http://api.football-data.org/v1/teams/90,http://api.football-data.org/v1/teams/560,2016-08-26T18:45:00Z,FINISHED,2,Real Betis,RC Deportivo La Coruna,0,0,0,0,2.25,3.25,3.2,
http://api.football-data.org/v1/fixtures/154029,http://api.football-data.org/v1/competitions/436,http://api.football-data.org/v1/teams/80,http://api.football-data.org/v1/teams/84,2016-08-26T20:00:00Z,FINISHED,2,RCD Espanyol,Málaga CF,2,2,1,0,2.25,3.2,3.25,
http://api.football-data.org/v1/fixtures/154028,http://api.football-data.org/v1/competitions/436,http://api.football-data.org/v1/teams/278,http://api.football-data.org/v1/teams/95,2016-08-27T16:15:00Z,FINISHED,2,SD Eibar,Valencia CF,1,0,,,2.62,3.2,2.7,
http://api.football-data.org/v1/fixtures/154032,http://api.football-data.org/v1/competitions/436,http://api.football-data.org/v1/teams/79,http://api.football-data.org/v1/teams/92,2016-08-27T16:15:00Z,FINISHED,2,CA Osasuna,Real Sociedad de Fútbol,0,2,,,3,3.1,2.45,
http://api.football-data.org/v1/fixtures/154034,http://api.football-data.org/v1/competitions/436,http://api.football-data.org/v1/teams/86,http://api.football-data.org/v1/teams/558,2016-08-27T18:15:00Z,FINISHED,2,Real Madrid CF,RC Celta de Vigo,2,1,,,1.18,6.5,15,
http://api.football-data.org/v1/fixtures/154031,http://api.football-data.org/v1/competitions/436,http://api.football-data.org/v1/teams/745,http://api.football-data.org/v1/teams/78,2016-08-27T20:15:00Z,FINISHED,2,CD Leganes,Club Atlético de Madrid,0,0,,,7,3.5,1.57,
http://api.football-data.org/v1/fixtures/154030,http://api.football-data.org/v1/competitions/436,http://api.football-data.org/v1/teams/275,http://api.football-data.org/v1/teams/83,2016-08-28T16:15:00Z,FINISHED,2,UD Las Palmas,Granada CF,5,1,,,1.85,3.5,4.2,
http://api.football-data.org/v1/fixtures/154027,http://api.football-data.org/v1/competitions/436,http://api.football-data.org/v1/teams/263,http://api.football-data.org/v1/teams/96,2016-08-28T16:15:00Z,FINISHED,2,Deportivo Alavés,Sporting Gijón,0,0,,,2.1,3.3,3.5,
http://api.football-data.org/v1/fixtures/154026,http://api.football-data.org/v1/competitions/436,http://api.football-data.org/v1/teams/77,http://api.football-data.org/v1/teams/81,2016-08-28T18:15:00Z,FINISHED,2,Athletic Club,FC Barcelona,0,1,,,6,4.2,1.5,
http://api.football-data.org/v1/fixtures/154035,http://api.football-data.org/v1/competitions/436,http://api.football-data.org/v1/teams/94,http://api.football-data.org/v1/teams/559,2016-08-28T20:15:00Z,FINISHED,2,Villarreal CF,Sevilla FC,0,0,,,2.5,3.25,2.87,
http://api.football-data.org/v1/fixtures/154022,http://api.football-data.org/v1/competitions/436,http://api.football-data.org/v1/teams/92,http://api.football-data.org/v1/teams/80,2016-09-09T18:45:00Z,FINISHED,3,Real Sociedad de Fútbol,RCD Espanyol,1,1,,,2.1,3.4,3.9,
http://api.football-data.org/v1/fixtures/154017,http://api.football-data.org/v1/competitions/436,http://api.football-data.org/v1/teams/558,http://api.football-data.org/v1/teams/78,2016-09-10T11:00:00Z,FINISHED,3,RC Celta de Vigo,Club Atlético de Madrid,0,4,,,6,3.5,1.75,
http://api.football-data.org/v1/fixtures/154021,http://api.football-data.org/v1/competitions/436,http://api.football-data.org/v1/teams/86,http://api.football-data.org/v1/teams/79,2016-09-10T14:00:00Z,FINISHED,3,Real Madrid CF,CA Osasuna,5,2,,,1.05,15,34,
http://api.football-data.org/v1/fixtures/154020,http://api.football-data.org/v1/competitions/436,http://api.football-data.org/v1/teams/84,http://api.football-data.org/v1/teams/94,2016-09-10T16:15:00Z,FINISHED,3,Málaga CF,Villarreal CF,0,2,,,2.3,3.2,3.1,
http://api.football-data.org/v1/fixtures/154023,http://api.football-data.org/v1/competitions/436,http://api.football-data.org/v1/teams/559,http://api.football-data.org/v1/teams/275,2016-09-10T16:15:00Z,FINISHED,3,Sevilla FC,UD Las Palmas,2,1,,,1.61,4.33,5.5,
http://api.football-data.org/v1/fixtures/154016,http://api.football-data.org/v1/competitions/436,http://api.football-data.org/v1/teams/81,http://api.football-data.org/v1/teams/263,2016-09-10T18:30:00Z,FINISHED,3,FC Barcelona,Deportivo Alavés,1,2,,,1.08,15,34,
http://api.football-data.org/v1/fixtures/154024,http://api.football-data.org/v1/competitions/436,http://api.football-data.org/v1/teams/96,http://api.football-data.org/v1/teams/745,2016-09-11T10:00:00Z,FINISHED,3,Sporting Gijón,CD Leganes,2,1,,,2.25,3.25,3.5,
http://api.football-data.org/v1/fixtures/154025,http://api.football-data.org/v1/competitions/436,http://api.football-data.org/v1/teams/95,http://api.football-data.org/v1/teams/90,2016-09-11T14:00:00Z,FINISHED,3,Valencia CF,Real Betis,2,3,,,1.66,4,5.5,
http://api.football-data.org/v1/fixtures/154019,http://api.football-data.org/v1/competitions/436,http://api.football-data.org/v1/teams/83,http://api.football-data.org/v1/teams/278,2016-09-11T16:15:00Z,FINISHED,3,Granada CF,SD Eibar,1,2,,,2.2,3.4,3.5,
http://api.football-data.org/v1/fixtures/154018,http://api.football-data.org/v1/competitions/436,http://api.football-data.org/v1/teams/560,http://api.football-data.org/v1/teams/77,2016-09-11T18:30:00Z,FINISHED,3,RC Deportivo La Coruna,Athletic Club,0,1,,,3.6,3.3,2.2,
http://api.football-data.org/v1/fixtures/154014,http://api.football-data.org/v1/competitions/436,http://api.football-data.org/v1/teams/90,http://api.football-data.org/v1/teams/83,2016-09-16T18:45:00Z,FINISHED,4,Real Betis,Granada CF,2,2,,,,,,
http://api.football-data.org/v1/fixtures/154012,http://api.football-data.org/v1/competitions/436,http://api.football-data.org/v1/teams/745,http://api.football-data.org/v1/teams/81,2016-09-17T11:00:00Z,FINISHED,4,CD Leganes,FC Barcelona,1,5,,,,,,
http://api.football-data.org/v1/fixtures/154007,http://api.football-data.org/v1/competitions/436,http://api.football-data.org/v1/teams/78,http://api.football-data.org/v1/teams/96,2016-09-17T14:15:00Z,FINISHED,4,Club Atlético de Madrid,Sporting Gijón,5,0,,,1.16,6.5,21,
http://api.football-data.org/v1/fixtures/154009,http://api.football-data.org/v1/competitions/436,http://api.football-data.org/v1/teams/278,http://api.football-data.org/v1/teams/559,2016-09-17T16:30:00Z,FINISHED,4,SD Eibar,Sevilla FC,1,1,,,2.87,3.4,2.6,
http://api.football-data.org/v1/fixtures/154011,http://api.football-data.org/v1/competitions/436,http://api.football-data.org/v1/teams/275,http://api.football-data.org/v1/teams/84,2016-09-17T18:45:00Z,FINISHED,4,UD Las Palmas,Málaga CF,1,0,,,2.2,3.4,3.5,
http://api.football-data.org/v1/fixtures/154013,http://api.football-data.org/v1/competitions/436,http://api.football-data.org/v1/teams/79,http://api.football-data.org/v1/teams/558,2016-09-18T10:00:00Z,FINISHED,4,CA Osasuna,RC Celta de Vigo,0,0,,,3,3.1,2.6,
http://api.football-data.org/v1/fixtures/154006,http://api.football-data.org/v1/competitions/436,http://api.football-data.org/v1/teams/77,http://api.football-data.org/v1/teams/95,2016-09-18T14:15:00Z,FINISHED,4,Athletic Club,Valencia CF,2,1,,,1.85,3.6,4.6,
http://api.football-data.org/v1/fixtures/154015,http://api.football-data.org/v1/competitions/436,http://api.football-data.org/v1/teams/94,http://api.football-data.org/v1/teams/92,2016-09-18T16:30:00Z,FINISHED,4,Villarreal CF,Real Sociedad de Fútbol,2,1,,,1.85,3.5,4.8,
http://api.football-data.org/v1/fixtures/154010,http://api.football-data.org/v1/competitions/436,http://api.football-data.org/v1/teams/80,http://api.football-data.org/v1/teams/86,2016-09-18T18:45:00Z,FINISHED,4,RCD Espanyol,Real Madrid CF,0,2,,,7,4.5,1.5,
http://api.football-data.org/v1/fixtures/154008,http://api.football-data.org/v1/competitions/436,http://api.football-data.org/v1/teams/263,http://api.football-data.org/v1/teams/560,2016-09-19T18:45:00Z,FINISHED,4,Deportivo Alavés,RC Deportivo La Coruna,0,0,,,2.3,3.1,3.25,
http://api.football-data.org/v1/fixtures/154000,http://api.football-data.org/v1/competitions/436,http://api.football-data.org/v1/teams/84,http://api.football-data.org/v1/teams/278,2016-09-20T18:00:00Z,FINISHED,5,Málaga CF,SD Eibar,2,1,1,1,1.8,3.3,5,
http://api.football-data.org/v1/fixtures/154004,http://api.football-data.org/v1/competitions/436,http://api.football-data.org/v1/teams/559,http://api.football-data.org/v1/teams/90,2016-09-20T20:00:00Z,FINISHED,5,Sevilla FC,Real Betis,1,0,0,0,1.44,4.33,7,
http://api.football-data.org/v1/fixtures/153997,http://api.football-data.org/v1/competitions/436,http://api.football-data.org/v1/teams/558,http://api.football-data.org/v1/teams/96,2016-09-21T18:00:00Z,FINISHED,5,RC Celta de Vigo,Sporting Gijón,2,1,0,0,1.55,4,6,
http://api.football-data.org/v1/fixtures/154002,http://api.football-data.org/v1/competitions/436,http://api.football-data.org/v1/teams/86,http://api.football-data.org/v1/teams/94,2016-09-21T18:00:00Z,FINISHED,5,Real Madrid CF,Villarreal CF,1,1,0,1,1.2,6.5,13,
http://api.football-data.org/v1/fixtures/153996,http://api.football-data.org/v1/competitions/436,http://api.football-data.org/v1/teams/81,http://api.football-data.org/v1/teams/78,2016-09-21T20:00:00Z,FINISHED,5,FC Barcelona,Club Atlético de Madrid,1,1,1,0,1.6,3.9,5.5,
http://api.football-data.org/v1/fixtures/153999,http://api.football-data.org/v1/competitions/436,http://api.football-data.org/v1/teams/83,http://api.football-data.org/v1/teams/77,2016-09-21T20:00:00Z,FINISHED,5,Granada CF,Athletic Club,1,2,1,1,4.33,3.3,1.9,
http://api.football-data.org/v1/fixtures/154003,http://api.football-data.org/v1/competitions/436,http://api.football-data.org/v1/teams/92,http://api.football-data.org/v1/teams/275,2016-09-21T20:00:00Z,FINISHED,5,Real Sociedad de Fútbol,UD Las Palmas,4,1,3,0,2,3.3,3.9,
http://api.football-data.org/v1/fixtures/154001,http://api.football-data.org/v1/competitions/436,http://api.football-data.org/v1/teams/79,http://api.football-data.org/v1/teams/80,2016-09-22T18:00:00Z,FINISHED,5,CA Osasuna,RCD Espanyol,1,2,0,1,2.9,3.1,2.6,
http://api.football-data.org/v1/fixtures/153998,http://api.football-data.org/v1/competitions/436,http://api.football-data.org/v1/teams/560,http://api.football-data.org/v1/teams/745,2016-09-22T18:00:00Z,FINISHED,5,RC Deportivo La Coruna,CD Leganes,1,2,1,0,2.1,3.2,3.6,
http://api.football-data.org/v1/fixtures/154005,http://api.football-data.org/v1/competitions/436,http://api.football-data.org/v1/teams/95,http://api.football-data.org/v1/teams/263,2016-09-22T20:00:00Z,FINISHED,5,Valencia CF,Deportivo Alavés,2,1,1,1,1.57,3.9,6,
http://api.football-data.org/v1/fixtures/153993,http://api.football-data.org/v1/competitions/436,http://api.football-data.org/v1/teams/90,http://api.football-data.org/v1/teams/84,2016-09-23T18:45:00Z,FINISHED,6,Real Betis,Málaga CF,1,0,1,0,2.7,3.2,2.9,
http://api.football-data.org/v1/fixtures/153989,http://api.football-data.org/v1/competitions/436,http://api.football-data.org/v1/teams/278,http://api.football-data.org/v1/teams/92,2016-09-24T11:00:00Z,FINISHED,6,SD Eibar,Real Sociedad de Fútbol,2,0,0,0,2.6,3.25,3,
http://api.football-data.org/v1/fixtures/153994,http://api.football-data.org/v1/competitions/436,http://api.football-data.org/v1/teams/96,http://api.football-data.org/v1/teams/81,2016-09-24T14:15:00Z,FINISHED,6,Sporting Gijón,FC Barcelona,0,5,0,2,13,5.5,1.25,
http://api.football-data.org/v1/fixtures/153986,http://api.football-data.org/v1/competitions/436,http://api.football-data.org/v1/teams/77,http://api.football-data.org/v1/teams/559,2016-09-24T16:30:00Z,FINISHED,6,Athletic Club,Sevilla FC,3,1,1,0,2.05,3.6,3.7,
http://api.football-data.org/v1/fixtures/153991,http://api.football-data.org/v1/competitions/436,http://api.football-data.org/v1/teams/275,http://api.football-data.org/v1/teams/86,2016-09-24T18:45:00Z,FINISHED,6,UD Las Palmas,Real Madrid CF,2,2,1,1,9,5.5,1.36,
http://api.football-data.org/v1/fixtures/153992,http://api.football-data.org/v1/competitions/436,http://api.football-data.org/v1/teams/745,http://api.football-data.org/v1/teams/95,2016-09-25T10:00:00Z,FINISHED,6,CD Leganes,Valencia CF,1,2,1,1,2.87,3.3,2.62,
http://api.football-data.org/v1/fixtures/153987,http://api.football-data.org/v1/competitions/436,http://api.football-data.org/v1/teams/78,http://api.football-data.org/v1/teams/560,2016-09-25T14:15:00Z,FINISHED,6,Club Atlético de Madrid,RC Deportivo La Coruna,1,0,0,0,1.22,7,17,
http://api.football-data.org/v1/fixtures/153995,http://api.football-data.org/v1/competitions/436,http://api.football-data.org/v1/teams/94,http://api.football-data.org/v1/teams/79,2016-09-25T16:30:00Z,FINISHED,6,Villarreal CF,CA Osasuna,3,1,3,1,1.4,4.75,10,
http://api.football-data.org/v1/fixtures/153990,http://api.football-data.org/v1/competitions/436,http://api.football-data.org/v1/teams/80,http://api.football-data.org/v1/teams/558,2016-09-25T18:45:00Z,FINISHED,6,RCD Espanyol,RC Celta de Vigo,0,2,0,0,2.3,3.4,3.25,
http://api.football-data.org/v1/fixtures/153988,http://api.football-data.org/v1/competitions/436,http://api.football-data.org/v1/teams/263,http://api.football-data.org/v1/teams/83,2016-09-26T18:45:00Z,FINISHED,6,Deportivo Alavés,Granada CF,3,1,0,0,2.1,3.4,3.6,
http://api.football-data.org/v1/fixtures/153983,http://api.football-data.org/v1/competitions/436,http://api.football-data.org/v1/teams/92,http://api.football-data.org/v1/teams/90,2016-09-30T18:45:00Z,FINISHED,7,Real Sociedad de Fútbol,Real Betis,1,0,0,0,,,,
http://api.football-data.org/v1/fixtures/153979,http://api.football-data.org/v1/competitions/436,http://api.football-data.org/v1/teams/83,http://api.football-data.org/v1/teams/745,2016-10-01T11:00:00Z,FINISHED,7,Granada CF,CD Leganes,0,1,0,0,2.45,3.1,3,
http://api.football-data.org/v1/fixtures/153984,http://api.football-data.org/v1/competitions/436,http://api.football-data.org/v1/teams/559,http://api.football-data.org/v1/teams/263,2016-10-01T14:15:00Z,FINISHED,7,Sevilla FC,Deportivo Alavés,2,1,0,0,1.44,4.2,7.5,
http://api.football-data.org/v1/fixtures/153981,http://api.football-data.org/v1/competitions/436,http://api.football-data.org/v1/teams/79,http://api.football-data.org/v1/teams/275,2016-10-01T16:30:00Z,FINISHED,7,CA Osasuna,UD Las Palmas,2,2,2,0,2.6,3.2,2.8,
http://api.football-data.org/v1/fixtures/153977,http://api.football-data.org/v1/competitions/436,http://api.football-data.org/v1/teams/560,http://api.football-data.org/v1/teams/96,2016-10-01T18:45:00Z,FINISHED,7,RC Deportivo La Coruna,Sporting Gijón,2,1,1,0,2,3.2,4,
http://api.football-data.org/v1/fixtures/153985,http://api.football-data.org/v1/competitions/436,http://api.football-data.org/v1/teams/95,http://api.football-data.org/v1/teams/78,2016-10-02T10:00:00Z,FINISHED,7,Valencia CF,Club Atlético de Madrid,0,2,0,0,4.2,3.5,1.85,
http://api.football-data.org/v1/fixtures/153982,http://api.football-data.org/v1/competitions/436,http://api.football-data.org/v1/teams/86,http://api.football-data.org/v1/teams/278,2016-10-02T14:15:00Z,FINISHED,7,Real Madrid CF,SD Eibar,1,1,1,1,1.08,12,34,
http://api.football-data.org/v1/fixtures/153980,http://api.football-data.org/v1/competitions/436,http://api.football-data.org/v1/teams/84,http://api.football-data.org/v1/teams/77,2016-10-02T16:30:00Z,FINISHED,7,Málaga CF,Athletic Club,2,1,0,1,2.45,3.1,3.1,
http://api.football-data.org/v1/fixtures/153978,http://api.football-data.org/v1/competitions/436,http://api.football-data.org/v1/teams/80,http://api.football-data.org/v1/teams/94,2016-10-02T16:30:00Z,FINISHED,7,RCD Espanyol,Villarreal CF,0,0,0,0,2.87,3,2.7,
http://api.football-data.org/v1/fixtures/153976,http://api.football-data.org/v1/competitions/436,http://api.football-data.org/v1/teams/558,http://api.football-data.org/v1/teams/81,2016-10-02T18:45:00Z,FINISHED,7,RC Celta de Vigo,FC Barcelona,4,3,3,0,8,4.33,1.4,
http://api.football-data.org/v1/fixtures/153971,http://api.football-data.org/v1/competitions/436,http://api.football-data.org/v1/teams/275,http://api.football-data.org/v1/teams/80,2016-10-14T18:45:00Z,FINISHED,8,UD Las Palmas,RCD Espanyol,0,0,0,0,,,,
http://api.football-data.org/v1/fixtures/153972,http://api.football-data.org/v1/competitions/436,http://api.football-data.org/v1/teams/745,http://api.football-data.org/v1/teams/559,2016-10-15T11:00:00Z,FINISHED,8,CD Leganes,Sevilla FC,2,3,0,1,3.4,3.3,2.15,
http://api.football-data.org/v1/fixtures/153968,http://api.football-data.org/v1/competitions/436,http://api.football-data.org/v1/teams/81,http://api.football-data.org/v1/teams/560,2016-10-15T14:15:00Z,FINISHED,8,FC Barcelona,RC Deportivo La Coruna,4,0,3,0,1.1,9.5,26,
http://api.football-data.org/v1/fixtures/153967,http://api.football-data.org/v1/competitions/436,http://api.football-data.org/v1/teams/78,http://api.football-data.org/v1/teams/83,2016-10-15T16:30:00Z,FINISHED,8,Club Atlético de Madrid,Granada CF,7,1,2,1,1.11,9,21,
http://api.football-data.org/v1/fixtures/153973,http://api.football-data.org/v1/competitions/436,http://api.football-data.org/v1/teams/90,http://api.football-data.org/v1/teams/86,2016-10-15T18:45:00Z,FINISHED,8,Real Betis,Real Madrid CF,1,6,0,4,8,4.75,1.36,
http://api.football-data.org/v1/fixtures/153969,http://api.football-data.org/v1/competitions/436,http://api.football-data.org/v1/teams/263,http://api.football-data.org/v1/teams/84,2016-10-16T10:00:00Z,FINISHED,8,Deportivo Alavés,Málaga CF,1,1,1,0,2.62,3,2.9,
http://api.football-data.org/v1/fixtures/153966,http://api.football-data.org/v1/competitions/436,http://api.football-data.org/v1/teams/77,http://api.football-data.org/v1/teams/92,2016-10-16T14:15:00Z,FINISHED,8,Athletic Club,Real Sociedad de Fútbol,3,2,0,1,1.85,3.5,4.33,
http://api.football-data.org/v1/fixtures/153974,http://api.football-data.org/v1/competitions/436,http://api.football-data.org/v1/teams/96,http://api.football-data.org/v1/teams/95,2016-10-16T16:30:00Z,FINISHED,8,Sporting Gijón,Valencia CF,1,2,1,1,3.5,3.3,2.15,
http://api.football-data.org/v1/fixtures/153975,http://api.football-data.org/v1/competitions/436,http://api.football-data.org/v1/teams/94,http://api.football-data.org/v1/teams/558,2016-10-16T18:45:00Z,FINISHED,8,Villarreal CF,RC Celta de Vigo,5,0,3,0,1.85,3.4,4.5,
http://api.football-data.org/v1/fixtures/153970,http://api.football-data.org/v1/competitions/436,http://api.football-data.org/v1/teams/278,http://api.football-data.org/v1/teams/79,2016-10-17T18:45:00Z,FINISHED,8,SD Eibar,CA Osasuna,2,3,2,2,1.8,3.7,5,
http://api.football-data.org/v1/fixtures/153960,http://api.football-data.org/v1/competitions/436,http://api.football-data.org/v1/teams/79,http://api.football-data.org/v1/teams/90,2016-10-21T18:45:00Z,FINISHED,9,CA Osasuna,Real Betis,1,2,0,1,2.75,3.25,2.75,
http://api.football-data.org/v1/fixtures/153957,http://api.football-data.org/v1/competitions/436,http://api.football-data.org/v1/teams/80,http://api.football-data.org/v1/teams/278,2016-10-22T11:00:00Z,FINISHED,9,RCD Espanyol,SD Eibar,3,3,0,3,2.05,3.4,4,
http://api.football-data.org/v1/fixtures/153964,http://api.football-data.org/v1/competitions/436,http://api.football-data.org/v1/teams/95,http://api.football-data.org/v1/teams/81,2016-10-22T14:15:00Z,FINISHED,9,Valencia CF,FC Barcelona,2,3,0,1,6,4.6,1.44,
http://api.football-data.org/v1/fixtures/153962,http://api.football-data.org/v1/competitions/436,http://api.football-data.org/v1/teams/92,http://api.football-data.org/v1/teams/263,2016-10-22T16:30:00Z,FINISHED,9,Real Sociedad de Fútbol,Deportivo Alavés,3,0,1,0,1.7,3.75,6,
http://api.football-data.org/v1/fixtures/153958,http://api.football-data.org/v1/competitions/436,http://api.football-data.org/v1/teams/83,http://api.football-data.org/v1/teams/96,2016-10-22T18:45:00Z,FINISHED,9,Granada CF,Sporting Gijón,0,0,0,0,2.15,3.5,3.6,
http://api.football-data.org/v1/fixtures/153956,http://api.football-data.org/v1/competitions/436,http://api.football-data.org/v1/teams/558,http://api.football-data.org/v1/teams/560,2016-10-23T10:00:00Z,FINISHED,9,RC Celta de Vigo,RC Deportivo La Coruna,4,1,1,1,1.75,3.6,5.5,
http://api.football-data.org/v1/fixtures/153963,http://api.football-data.org/v1/competitions/436,http://api.football-data.org/v1/teams/559,http://api.football-data.org/v1/teams/78,2016-10-23T14:15:00Z,FINISHED,9,Sevilla FC,Club Atlético de Madrid,1,0,0,0,3.9,3.4,2,
http://api.football-data.org/v1/fixtures/153959,http://api.football-data.org/v1/competitions/436,http://api.football-data.org/v1/teams/84,http://api.football-data.org/v1/teams/745,2016-10-23T16:30:00Z,FINISHED,9,Málaga CF,CD Leganes,4,0,2,0,1.85,3.3,4.6,
http://api.football-data.org/v1/fixtures/153965,http://api.football-data.org/v1/competitions/436,http://api.football-data.org/v1/teams/94,http://api.football-data.org/v1/teams/275,2016-10-23T16:30:00Z,FINISHED,9,Villarreal CF,UD Las Palmas,2,1,0,1,1.7,3.6,5.5,
http://api.football-data.org/v1/fixtures/153961,http://api.football-data.org/v1/competitions/436,http://api.football-data.org/v1/teams/86,http://api.football-data.org/v1/teams/77,2016-10-23T18:45:00Z,FINISHED,9,Real Madrid CF,Athletic Club,2,1,1,1,1.22,6.5,15,
http://api.football-data.org/v1/fixtures/153953,http://api.football-data.org/v1/competitions/436,http://api.football-data.org/v1/teams/745,http://api.football-data.org/v1/teams/92,2016-10-28T18:45:00Z,FINISHED,10,CD Leganes,Real Sociedad de Fútbol,0,2,0,1,,,,
http://api.football-data.org/v1/fixtures/153955,http://api.football-data.org/v1/competitions/436,http://api.football-data.org/v1/teams/96,http://api.football-data.org/v1/teams/559,2016-10-29T11:00:00Z,FINISHED,10,Sporting Gijón,Sevilla FC,1,1,1,1,,,,
http://api.football-data.org/v1/fixtures/153949,http://api.football-data.org/v1/competitions/436,http://api.football-data.org/v1/teams/263,http://api.football-data.org/v1/teams/86,2016-10-29T14:15:00Z,FINISHED,10,Deportivo Alavés,Real Madrid CF,1,4,1,2,,,,
http://api.football-data.org/v1/fixtures/153947,http://api.football-data.org/v1/competitions/436,http://api.football-data.org/v1/teams/78,http://api.football-data.org/v1/teams/84,2016-10-29T16:30:00Z,FINISHED,10,Club Atlético de Madrid,Málaga CF,4,2,3,1,,,,
http://api.football-data.org/v1/fixtures/153948,http://api.football-data.org/v1/competitions/436,http://api.football-data.org/v1/teams/81,http://api.football-data.org/v1/teams/83,2016-10-29T18:45:00Z,FINISHED,10,FC Barcelona,Granada CF,1,0,0,0,,,,
http://api.football-data.org/v1/fixtures/153951,http://api.football-data.org/v1/competitions/436,http://api.football-data.org/v1/teams/278,http://api.football-data.org/v1/teams/94,2016-10-30T11:00:00Z,FINISHED,10,SD Eibar,Villarreal CF,2,1,0,1,3.1,3.1,2.45,
http://api.football-data.org/v1/fixtures/153946,http://api.football-data.org/v1/competitions/436,http://api.football-data.org/v1/teams/77,http://api.football-data.org/v1/teams/79,2016-10-30T15:15:00Z,FINISHED,10,Athletic Club,CA Osasuna,1,1,1,1,1.36,4.4,11,
http://api.football-data.org/v1/fixtures/153954,http://api.football-data.org/v1/competitions/436,http://api.football-data.org/v1/teams/90,http://api.football-data.org/v1/teams/80,2016-10-30T17:30:00Z,FINISHED,10,Real Betis,RCD Espanyol,0,1,0,0,2.25,3.1,3.4,
http://api.football-data.org/v1/fixtures/153952,http://api.football-data.org/v1/competitions/436,http://api.football-data.org/v1/teams/275,http://api.football-data.org/v1/teams/558,2016-10-30T19:45:00Z,FINISHED,10,UD Las Palmas,RC Celta de Vigo,3,3,0,3,2.37,3.2,3.1,
http://api.football-data.org/v1/fixtures/153950,http://api.football-data.org/v1/competitions/436,http://api.football-data.org/v1/teams/560,http://api.football-data.org/v1/teams/95,2016-10-31T19:45:00Z,FINISHED,10,RC Deportivo La Coruna,Valencia CF,1,1,1,0,2.87,3.1,2.6,
http://api.football-data.org/v1/fixtures/153940,http://api.football-data.org/v1/competitions/436,http://api.football-data.org/v1/teams/84,http://api.football-data.org/v1/teams/96,2016-11-04T19:45:00Z,FINISHED,11,Málaga CF,Sporting Gijón,3,2,1,1,,,,
http://api.football-data.org/v1/fixtures/153938,http://api.football-data.org/v1/competitions/436,http://api.football-data.org/v1/teams/83,http://api.football-data.org/v1/teams/560,2016-11-05T12:00:00Z,FINISHED,11,Granada CF,RC Deportivo La Coruna,1,1,0,0,2.62,3.1,3,
http://api.football-data.org/v1/fixtures/153943,http://api.football-data.org/v1/competitions/436,http://api.football-data.org/v1/teams/92,http://api.football-data.org/v1/teams/78,2016-11-05T15:15:00Z,FINISHED,11,Real Sociedad de Fútbol,Club Atlético de Madrid,2,0,0,0,5.8,3.75,1.61,
http://api.football-data.org/v1/fixtures/153941,http://api.football-data.org/v1/competitions/436,http://api.football-data.org/v1/teams/79,http://api.football-data.org/v1/teams/263,2016-11-05T17:30:00Z,FINISHED,11,CA Osasuna,Deportivo Alavés,0,1,0,0,2.37,3.25,3.4,
http://api.football-data.org/v1/fixtures/153939,http://api.football-data.org/v1/competitions/436,http://api.football-data.org/v1/teams/275,http://api.football-data.org/v1/teams/278,2016-11-05T19:45:00Z,FINISHED,11,UD Las Palmas,SD Eibar,1,0,0,0,2,3.6,4,
http://api.football-data.org/v1/fixtures/153942,http://api.football-data.org/v1/competitions/436,http://api.football-data.org/v1/teams/86,http://api.football-data.org/v1/teams/745,2016-11-06T11:00:00Z,FINISHED,11,Real Madrid CF,CD Leganes,3,0,2,0,1.1,15,26,
http://api.football-data.org/v1/fixtures/153936,http://api.football-data.org/v1/competitions/436,http://api.football-data.org/v1/teams/558,http://api.football-data.org/v1/teams/95,2016-11-06T15:15:00Z,FINISHED,11,RC Celta de Vigo,Valencia CF,2,1,1,1,2.25,3.3,3.2,
http://api.football-data.org/v1/fixtures/153937,http://api.football-data.org/v1/competitions/436,http://api.football-data.org/v1/teams/80,http://api.football-data.org/v1/teams/77,2016-11-06T15:15:00Z,FINISHED,11,RCD Espanyol,Athletic Club,0,0,0,0,2.87,3.25,2.7,
http://api.football-data.org/v1/fixtures/153945,http://api.football-data.org/v1/competitions/436,http://api.football-data.org/v1/teams/94,http://api.football-data.org/v1/teams/90,2016-11-06T17:30:00Z,FINISHED,11,Villarreal CF,Real Betis,2,0,1,0,1.53,4.33,7.5,
http://api.football-data.org/v1/fixtures/153944,http://api.football-data.org/v1/competitions/436,http://api.football-data.org/v1/teams/559,http://api.football-data.org/v1/teams/81,2016-11-06T19:45:00Z,FINISHED,11,Sevilla FC,FC Barcelona,1,2,1,1,5,4.5,1.65,
http://api.football-data.org/v1/fixtures/153933,http://api.football-data.org/v1/competitions/436,http://api.football-data.org/v1/teams/90,http://api.football-data.org/v1/teams/275,2016-11-18T19:45:00Z,FINISHED,12,Real Betis,UD Las Palmas,2,0,2,0,,,,
http://api.football-data.org/v1/fixtures/153930,http://api.football-data.org/v1/competitions/436,http://api.football-data.org/v1/teams/560,http://api.football-data.org/v1/teams/559,2016-11-19T12:00:00Z,FINISHED,12,RC Deportivo La Coruna,Sevilla FC,2,3,2,1,,,,
http://api.football-data.org/v1/fixtures/153928,http://api.football-data.org/v1/competitions/436,http://api.football-data.org/v1/teams/81,http://api.football-data.org/v1/teams/84,2016-11-19T15:15:00Z,FINISHED,12,FC Barcelona,Málaga CF,0,0,0,0,,,,
http://api.football-data.org/v1/fixtures/153931,http://api.football-data.org/v1/competitions/436,http://api.football-data.org/v1/teams/278,http://api.football-data.org/v1/teams/558,2016-11-19T17:30:00Z,FINISHED,12,SD Eibar,RC Celta de Vigo,1,0,1,0,,,,
http://api.football-data.org/v1/fixtures/153927,http://api.football-data.org/v1/competitions/436,http://api.football-data.org/v1/teams/78,http://api.football-data.org/v1/teams/86,2016-11-19T19:45:00Z,FINISHED,12,Club Atlético de Madrid,Real Madrid CF,0,3,0,1,,,,
http://api.football-data.org/v1/fixtures/153929,http://api.football-data.org/v1/competitions/436,http://api.football-data.org/v1/teams/263,http://api.football-data.org/v1/teams/80,2016-11-20T11:00:00Z,FINISHED,12,Deportivo Alavés,RCD Espanyol,0,1,0,0,,,,
http://api.football-data.org/v1/fixtures/153935,http://api.football-data.org/v1/competitions/436,http://api.football-data.org/v1/teams/95,http://api.football-data.org/v1/teams/83,2016-11-20T15:15:00Z,FINISHED,12,Valencia CF,Granada CF,1,1,0,1,,,,
http://api.football-data.org/v1/fixtures/153934,http://api.football-data.org/v1/competitions/436,http://api.football-data.org/v1/teams/96,http://api.football-data.org/v1/teams/92,2016-11-20T17:30:00Z,FINISHED,12,Sporting Gijón,Real Sociedad de Fútbol,1,3,1,1,,,,
http://api.football-data.org/v1/fixtures/153926,http://api.football-data.org/v1/competitions/436,http://api.football-data.org/v1/teams/77,http://api.football-data.org/v1/teams/94,2016-11-20T19:45:00Z,FINISHED,12,Athletic Club,Villarreal CF,1,0,0,0,,,,
http://api.football-data.org/v1/fixtures/153932,http://api.football-data.org/v1/competitions/436,http://api.football-data.org/v1/teams/745,http://api.football-data.org/v1/teams/79,2016-11-21T19:45:00Z,FINISHED,12,CD Leganes,CA Osasuna,2,0,1,0,,,,
http://api.football-data.org/v1/fixtures/153917,http://api.football-data.org/v1/competitions/436,http://api.football-data.org/v1/teams/278,http://api.football-data.org/v1/teams/90,2016-11-25T19:45:00Z,FINISHED,13,SD Eibar,Real Betis,3,1,2,0,,,,
http://api.football-data.org/v1/fixtures/153920,http://api.football-data.org/v1/competitions/436,http://api.football-data.org/v1/teams/84,http://api.football-data.org/v1/teams/560,2016-11-26T12:00:00Z,FINISHED,13,Málaga CF,RC Deportivo La Coruna,4,3,2,1,2.05,3.5,4.2,
http://api.football-data.org/v1/fixtures/153922,http://api.football-data.org/v1/competitions/436,http://api.football-data.org/v1/teams/86,http://api.football-data.org/v1/teams/96,2016-11-26T15:15:00Z,FINISHED,13,Real Madrid CF,Sporting Gijón,2,1,2,1,1.07,15,41,
http://api.football-data.org/v1/fixtures/153918,http://api.football-data.org/v1/competitions/436,http://api.football-data.org/v1/teams/80,http://api.football-data.org/v1/teams/745,2016-11-26T17:30:00Z,FINISHED,13,RCD Espanyol,CD Leganes,3,0,0,0,1.83,3.5,5.5,
http://api.football-data.org/v1/fixtures/153924,http://api.football-data.org/v1/competitions/436,http://api.football-data.org/v1/teams/559,http://api.football-data.org/v1/teams/95,2016-11-26T19:45:00Z,FINISHED,13,Sevilla FC,Valencia CF,2,1,0,0,1.75,4,4.8,
http://api.football-data.org/v1/fixtures/153925,http://api.football-data.org/v1/competitions/436,http://api.football-data.org/v1/teams/94,http://api.football-data.org/v1/teams/263,2016-11-27T11:00:00Z,FINISHED,13,Villarreal CF,Deportivo Alavés,0,2,0,2,1.53,4,8,
http://api.football-data.org/v1/fixtures/153921,http://api.football-data.org/v1/competitions/436,http://api.football-data.org/v1/teams/79,http://api.football-data.org/v1/teams/78,2016-11-27T15:15:00Z,FINISHED,13,CA Osasuna,Club Atlético de Madrid,0,3,0,2,12,5.5,1.3,
http://api.football-data.org/v1/fixtures/153916,http://api.football-data.org/v1/competitions/436,http://api.football-data.org/v1/teams/558,http://api.football-data.org/v1/teams/83,2016-11-27T17:30:00Z,FINISHED,13,RC Celta de Vigo,Granada CF,3,1,2,0,1.57,4.2,6.5,
http://api.football-data.org/v1/fixtures/153923,http://api.football-data.org/v1/competitions/436,http://api.football-data.org/v1/teams/92,http://api.football-data.org/v1/teams/81,2016-11-27T19:45:00Z,FINISHED,13,Real Sociedad de Fútbol,FC Barcelona,1,1,0,0,7,4.6,1.5,
http://api.football-data.org/v1/fixtures/153919,http://api.football-data.org/v1/competitions/436,http://api.football-data.org/v1/teams/275,http://api.football-data.org/v1/teams/77,2016-11-28T19:45:00Z,FINISHED,13,UD Las Palmas,Athletic Club,3,1,1,0,2.6,3.25,2.75,
http://api.football-data.org/v1/fixtures/153911,http://api.football-data.org/v1/competitions/436,http://api.football-data.org/v1/teams/83,http://api.football-data.org/v1/teams/559,2016-12-03T12:00:00Z,FINISHED,14,Granada CF,Sevilla FC,2,1,1,0,5,3.75,1.75,
http://api.football-data.org/v1/fixtures/153908,http://api.football-data.org/v1/competitions/436,http://api.football-data.org/v1/teams/81,http://api.football-data.org/v1/teams/86,2016-12-03T15:15:00Z,FINISHED,14,FC Barcelona,Real Madrid CF,1,1,0,0,1.7,4,4.5,
http://api.football-data.org/v1/fixtures/153912,http://api.football-data.org/v1/competitions/436,http://api.football-data.org/v1/teams/745,http://api.football-data.org/v1/teams/94,2016-12-03T17:30:00Z,FINISHED,14,CD Leganes,Villarreal CF,0,0,0,0,3.1,3.1,2.7,
http://api.football-data.org/v1/fixtures/153907,http://api.football-data.org/v1/competitions/436,http://api.football-data.org/v1/teams/78,http://api.football-data.org/v1/teams/80,2016-12-03T19:45:00Z,FINISHED,14,Club Atlético de Madrid,RCD Espanyol,0,0,0,0,1.28,5.5,13,
http://api.football-data.org/v1/fixtures/153913,http://api.football-data.org/v1/competitions/436,http://api.football-data.org/v1/teams/90,http://api.football-data.org/v1/teams/558,2016-12-04T11:00:00Z,FINISHED,14,Real Betis,RC Celta de Vigo,3,3,1,1,2.45,3.25,3.1,
http://api.football-data.org/v1/fixtures/153906,http://api.football-data.org/v1/competitions/436,http://api.football-data.org/v1/teams/77,http://api.football-data.org/v1/teams/278,2016-12-04T15:15:00Z,FINISHED,14,Athletic Club,SD Eibar,3,1,1,0,1.9,3.5,4.6,
http://api.football-data.org/v1/fixtures/153909,http://api.football-data.org/v1/competitions/436,http://api.football-data.org/v1/teams/263,http://api.football-data.org/v1/teams/275,2016-12-04T17:30:00Z,FINISHED,14,Deportivo Alavés,UD Las Palmas,1,1,1,0,2.5,3.3,3,
http://api.football-data.org/v1/fixtures/153914,http://api.football-data.org/v1/competitions/436,http://api.football-data.org/v1/teams/96,http://api.football-data.org/v1/teams/79,2016-12-04T17:30:00Z,FINISHED,14,Sporting Gijón,CA Osasuna,3,1,1,0,2.05,3.5,3.8,
http://api.football-data.org/v1/fixtures/153915,http://api.football-data.org/v1/competitions/436,http://api.football-data.org/v1/teams/95,http://api.football-data.org/v1/teams/84,2016-12-04T19:45:00Z,FINISHED,14,Valencia CF,Málaga CF,2,2,2,1,1.75,3.8,5,
http://api.football-data.org/v1/fixtures/153910,http://api.football-data.org/v1/competitions/436,http://api.football-data.org/v1/teams/560,http://api.football-data.org/v1/teams/92,2016-12-05T19:45:00Z,FINISHED,14,RC Deportivo La Coruna,Real Sociedad de Fútbol,5,1,3,0,2.9,3.1,2.5,
http://api.football-data.org/v1/fixtures/153900,http://api.football-data.org/v1/competitions/436,http://api.football-data.org/v1/teams/84,http://api.football-data.org/v1/teams/83,2016-12-09T19:45:00Z,FINISHED,15,Málaga CF,Granada CF,1,1,1,0,1.66,4.2,5.5,
http://api.football-data.org/v1/fixtures/153901,http://api.football-data.org/v1/competitions/436,http://api.football-data.org/v1/teams/79,http://api.football-data.org/v1/teams/81,2016-12-10T12:00:00Z,FINISHED,15,CA Osasuna,FC Barcelona,0,3,0,0,15,8,1.18,
http://api.football-data.org/v1/fixtures/153904,http://api.football-data.org/v1/competitions/436,http://api.football-data.org/v1/teams/92,http://api.football-data.org/v1/teams/95,2016-12-10T15:15:00Z,FINISHED,15,Real Sociedad de Fútbol,Valencia CF,3,2,2,1,1.95,3.7,4.2,
http://api.football-data.org/v1/fixtures/153899,http://api.football-data.org/v1/competitions/436,http://api.football-data.org/v1/teams/275,http://api.football-data.org/v1/teams/745,2016-12-10T17:30:00Z,FINISHED,15,UD Las Palmas,CD Leganes,1,1,1,0,1.8,3.75,5,
http://api.football-data.org/v1/fixtures/153903,http://api.football-data.org/v1/competitions/436,http://api.football-data.org/v1/teams/86,http://api.football-data.org/v1/teams/560,2016-12-10T19:45:00Z,FINISHED,15,Real Madrid CF,RC Deportivo La Coruna,3,2,0,0,1.18,7.5,15,
http://api.football-data.org/v1/fixtures/153897,http://api.football-data.org/v1/competitions/436,http://api.football-data.org/v1/teams/278,http://api.football-data.org/v1/teams/263,2016-12-11T11:00:00Z,FINISHED,15,SD Eibar,Deportivo Alavés,0,0,0,0,1.85,3.6,4.6,
http://api.football-data.org/v1/fixtures/153896,http://api.football-data.org/v1/competitions/436,http://api.football-data.org/v1/teams/558,http://api.football-data.org/v1/teams/559,2016-12-11T15:15:00Z,FINISHED,15,RC Celta de Vigo,Sevilla FC,0,3,0,0,2.75,3.3,2.7,
http://api.football-data.org/v1/fixtures/153898,http://api.football-data.org/v1/competitions/436,http://api.football-data.org/v1/teams/80,http://api.football-data.org/v1/teams/96,2016-12-11T17:30:00Z,FINISHED,15,RCD Espanyol,Sporting Gijón,2,1,0,0,1.72,3.7,5.5,
http://api.football-data.org/v1/fixtures/153902,http://api.football-data.org/v1/competitions/436,http://api.football-data.org/v1/teams/90,http://api.football-data.org/v1/teams/77,2016-12-11T19:45:00Z,FINISHED,15,Real Betis,Athletic Club,1,0,1,0,3.1,3.1,2.37,
http://api.football-data.org/v1/fixtures/153905,http://api.football-data.org/v1/competitions/436,http://api.football-data.org/v1/teams/94,http://api.football-data.org/v1/teams/78,2016-12-12T19:45:00Z,FINISHED,15,Villarreal CF,Club Atlético de Madrid,3,0,2,0,4.33,3.3,1.9,
http://api.football-data.org/v1/fixtures/153889,http://api.football-data.org/v1/competitions/436,http://api.football-data.org/v1/teams/263,http://api.football-data.org/v1/teams/90,2016-12-16T19:45:00Z,FINISHED,16,Deportivo Alavés,Real Betis,1,0,0,0,2.37,3.1,3.5,
http://api.football-data.org/v1/fixtures/153894,http://api.football-data.org/v1/competitions/436,http://api.football-data.org/v1/teams/96,http://api.football-data.org/v1/teams/94,2016-12-17T12:00:00Z,FINISHED,16,Sporting Gijón,Villarreal CF,1,3,0,2,3.6,3.3,2.2,
http://api.football-data.org/v1/fixtures/153887,http://api.football-data.org/v1/competitions/436,http://api.football-data.org/v1/teams/78,http://api.football-data.org/v1/teams/275,2016-12-17T15:15:00Z,FINISHED,16,Club Atlético de Madrid,UD Las Palmas,1,0,0,0,1.28,5.5,13,
http://api.football-data.org/v1/fixtures/153891,http://api.football-data.org/v1/competitions/436,http://api.football-data.org/v1/teams/83,http://api.football-data.org/v1/teams/92,2016-12-17T17:30:00Z,FINISHED,16,Granada CF,Real Sociedad de Fútbol,0,2,0,0,3.6,3.5,2,
http://api.football-data.org/v1/fixtures/153893,http://api.football-data.org/v1/competitions/436,http://api.football-data.org/v1/teams/559,http://api.football-data.org/v1/teams/84,2016-12-17T19:45:00Z,FINISHED,16,Sevilla FC,Málaga CF,4,1,4,0,1.5,4.33,6.5,
http://api.football-data.org/v1/fixtures/153892,http://api.football-data.org/v1/competitions/436,http://api.football-data.org/v1/teams/745,http://api.football-data.org/v1/teams/278,2016-12-18T15:15:00Z,FINISHED,16,CD Leganes,SD Eibar,1,1,1,0,2.6,3,2.9,
http://api.football-data.org/v1/fixtures/153890,http://api.football-data.org/v1/competitions/436,http://api.football-data.org/v1/teams/560,http://api.football-data.org/v1/teams/79,2016-12-18T17:30:00Z,FINISHED,16,RC Deportivo La Coruna,CA Osasuna,2,0,2,0,1.55,3.9,6.5,
http://api.football-data.org/v1/fixtures/153888,http://api.football-data.org/v1/competitions/436,http://api.football-data.org/v1/teams/81,http://api.football-data.org/v1/teams/80,2016-12-18T19:45:00Z,FINISHED,16,FC Barcelona,RCD Espanyol,4,1,1,0,1.1,9.5,26,
http://api.football-data.org/v1/fixtures/153886,http://api.football-data.org/v1/competitions/436,http://api.football-data.org/v1/teams/77,http://api.football-data.org/v1/teams/558,2016-12-19T19:45:00Z,FINISHED,16,Athletic Club,RC Celta de Vigo,2,1,0,0,1.9,3.5,4.2,
http://api.football-data.org/v1/fixtures/153879,http://api.football-data.org/v1/competitions/436,http://api.football-data.org/v1/teams/80,http://api.football-data.org/v1/teams/560,2017-01-06T19:45:00Z,FINISHED,17,RCD Espanyol,RC Deportivo La Coruna,1,1,0,0,2,3.25,3.7,
http://api.football-data.org/v1/fixtures/153883,http://api.football-data.org/v1/competitions/436,http://api.football-data.org/v1/teams/86,http://api.football-data.org/v1/teams/83,2017-01-07T12:00:00Z,FINISHED,17,Real Madrid CF,Granada CF,5,0,4,0,1.05,13,34,
http://api.football-data.org/v1/fixtures/153878,http://api.football-data.org/v1/competitions/436,http://api.football-data.org/v1/teams/278,http://api.football-data.org/v1/teams/78,2017-01-07T15:15:00Z,FINISHED,17,SD Eibar,Club Atlético de Madrid,0,2,0,0,5.5,3.5,1.66,
http://api.football-data.org/v1/fixtures/153880,http://api.football-data.org/v1/competitions/436,http://api.football-data.org/v1/teams/275,http://api.football-data.org/v1/teams/96,2017-01-07T17:30:00Z,FINISHED,17,UD Las Palmas,Sporting Gijón,1,0,0,0,1.66,4,4.6,
http://api.football-data.org/v1/fixtures/153884,http://api.football-data.org/v1/competitions/436,http://api.football-data.org/v1/teams/92,http://api.football-data.org/v1/teams/559,2017-01-07T19:45:00Z,FINISHED,17,Real Sociedad de Fútbol,Sevilla FC,0,4,0,2,2.37,3.3,3,
http://api.football-data.org/v1/fixtures/153876,http://api.football-data.org/v1/competitions/436,http://api.football-data.org/v1/teams/77,http://api.football-data.org/v1/teams/263,2017-01-08T11:00:00Z,FINISHED,17,Athletic Club,Deportivo Alavés,0,0,0,0,1.5,3.8,7,
http://api.football-data.org/v1/fixtures/153882,http://api.football-data.org/v1/competitions/436,http://api.football-data.org/v1/teams/90,http://api.football-data.org/v1/teams/745,2017-01-08T15:15:00Z,FINISHED,17,Real Betis,CD Leganes,2,0,0,0,2.05,3.3,3.7,
http://api.football-data.org/v1/fixtures/153877,http://api.football-data.org/v1/competitions/436,http://api.football-data.org/v1/teams/558,http://api.football-data.org/v1/teams/84,2017-01-08T17:30:00Z,FINISHED,17,RC Celta de Vigo,Málaga CF,3,1,1,0,1.9,3.6,4,
http://api.football-data.org/v1/fixtures/153885,http://api.football-data.org/v1/competitions/436,http://api.football-data.org/v1/teams/94,http://api.football-data.org/v1/teams/81,2017-01-08T19:45:00Z,FINISHED,17,Villarreal CF,FC Barcelona,1,1,0,0,6.5,4,1.5,
http://api.football-data.org/v1/fixtures/153881,http://api.football-data.org/v1/competitions/436,http://api.football-data.org/v1/teams/79,http://api.football-data.org/v1/teams/95,2017-01-09T19:45:00Z,FINISHED,17,CA Osasuna,Valencia CF,3,3,1,2,3.8,3.4,2,
http://api.football-data.org/v1/fixtures/153871,http://api.football-data.org/v1/competitions/436,http://api.football-data.org/v1/teams/745,http://api.football-data.org/v1/teams/77,2017-01-14T12:00:00Z,FINISHED,18,CD Leganes,Athletic Club,0,0,0,0,3.2,3.4,2.2,
http://api.football-data.org/v1/fixtures/153867,http://api.football-data.org/v1/competitions/436,http://api.football-data.org/v1/teams/81,http://api.football-data.org/v1/teams/275,2017-01-14T15:15:00Z,FINISHED,18,FC Barcelona,UD Las Palmas,5,0,1,0,1.08,11,29,
http://api.football-data.org/v1/fixtures/153866,http://api.football-data.org/v1/competitions/436,http://api.football-data.org/v1/teams/78,http://api.football-data.org/v1/teams/90,2017-01-14T17:30:00Z,FINISHED,18,Club Atlético de Madrid,Real Betis,1,0,1,0,1.22,5.5,15,
http://api.football-data.org/v1/fixtures/153869,http://api.football-data.org/v1/competitions/436,http://api.football-data.org/v1/teams/560,http://api.football-data.org/v1/teams/94,2017-01-14T19:45:00Z,FINISHED,18,RC Deportivo La Coruna,Villarreal CF,0,0,0,0,2.7,3.3,2.6,
http://api.football-data.org/v1/fixtures/153875,http://api.football-data.org/v1/competitions/436,http://api.football-data.org/v1/teams/95,http://api.football-data.org/v1/teams/80,2017-01-15T11:00:00Z,FINISHED,18,Valencia CF,RCD Espanyol,2,1,1,0,1.75,3.9,4.33,
http://api.football-data.org/v1/fixtures/153868,http://api.football-data.org/v1/competitions/436,http://api.football-data.org/v1/teams/558,http://api.football-data.org/v1/teams/263,2017-01-15T15:15:00Z,FINISHED,18,RC Celta de Vigo,Deportivo Alavés,1,0,0,0,1.8,3.9,4.2,
http://api.football-data.org/v1/fixtures/153870,http://api.football-data.org/v1/competitions/436,http://api.football-data.org/v1/teams/83,http://api.football-data.org/v1/teams/79,2017-01-15T17:30:00Z,FINISHED,18,Granada CF,CA Osasuna,1,1,0,1,2,3.6,3.6,
http://api.football-data.org/v1/fixtures/153874,http://api.football-data.org/v1/competitions/436,http://api.football-data.org/v1/teams/96,http://api.football-data.org/v1/teams/278,2017-01-15T17:30:00Z,FINISHED,18,Sporting Gijón,SD Eibar,2,3,1,3,2.6,3.25,2.75,
http://api.football-data.org/v1/fixtures/153873,http://api.football-data.org/v1/competitions/436,http://api.football-data.org/v1/teams/559,http://api.football-data.org/v1/teams/86,2017-01-15T19:45:00Z,FINISHED,18,Sevilla FC,Real Madrid CF,2,1,0,0,4,3.6,1.9,
http://api.football-data.org/v1/fixtures/153872,http://api.football-data.org/v1/competitions/436,http://api.football-data.org/v1/teams/84,http://api.football-data.org/v1/teams/92,2017-01-16T19:45:00Z,FINISHED,18,Málaga CF,Real Sociedad de Fútbol,0,2,0,0,,,,
http://api.football-data.org/v1/fixtures/153860,http://api.football-data.org/v1/competitions/436,http://api.football-data.org/v1/teams/275,http://api.football-data.org/v1/teams/560,2017-01-20T19:45:00Z,FINISHED,19,UD Las Palmas,RC Deportivo La Coruna,1,1,1,0,1.9,3.5,4,
http://api.football-data.org/v1/fixtures/153859,http://api.football-data.org/v1/competitions/436,http://api.football-data.org/v1/teams/80,http://api.football-data.org/v1/teams/83,2017-01-21T12:00:00Z,FINISHED,19,RCD Espanyol,Granada CF,3,1,2,1,,,,
http://api.football-data.org/v1/fixtures/153863,http://api.football-data.org/v1/competitions/436,http://api.football-data.org/v1/teams/86,http://api.football-data.org/v1/teams/84,2017-01-21T15:15:00Z,FINISHED,19,Real Madrid CF,Málaga CF,2,1,2,0,1.11,9,23,
http://api.football-data.org/v1/fixtures/153857,http://api.football-data.org/v1/competitions/436,http://api.football-data.org/v1/teams/263,http://api.football-data.org/v1/teams/745,2017-01-21T17:30:00Z,FINISHED,19,Deportivo Alavés,CD Leganes,2,2,1,1,,,,
http://api.football-data.org/v1/fixtures/153865,http://api.football-data.org/v1/competitions/436,http://api.football-data.org/v1/teams/94,http://api.football-data.org/v1/teams/95,2017-01-21T19:45:00Z,FINISHED,19,Villarreal CF,Valencia CF,0,2,0,2,1.8,3.5,4.5,
http://api.football-data.org/v1/fixtures/153861,http://api.football-data.org/v1/competitions/436,http://api.football-data.org/v1/teams/79,http://api.football-data.org/v1/teams/559,2017-01-22T11:00:00Z,FINISHED,19,CA Osasuna,Sevilla FC,3,4,1,1,,,,
http://api.football-data.org/v1/fixtures/153856,http://api.football-data.org/v1/competitions/436,http://api.football-data.org/v1/teams/77,http://api.football-data.org/v1/teams/78,2017-01-22T15:15:00Z,FINISHED,19,Athletic Club,Club Atlético de Madrid,2,2,1,1,3.8,3.4,2,
http://api.football-data.org/v1/fixtures/153864,http://api.football-data.org/v1/competitions/436,http://api.football-data.org/v1/teams/92,http://api.football-data.org/v1/teams/558,2017-01-22T17:30:00Z,FINISHED,19,Real Sociedad de Fútbol,RC Celta de Vigo,1,0,0,0,2,3.4,3.7,
http://api.football-data.org/v1/fixtures/153862,http://api.football-data.org/v1/competitions/436,http://api.football-data.org/v1/teams/90,http://api.football-data.org/v1/teams/96,2017-01-22T17:30:00Z,FINISHED,19,Real Betis,Sporting Gijón,0,0,0,0,1.72,3.7,5.8,
http://api.football-data.org/v1/fixtures/153858,http://api.football-data.org/v1/competitions/436,http://api.football-data.org/v1/teams/278,http://api.football-data.org/v1/teams/81,2017-01-22T19:45:00Z,FINISHED,19,SD Eibar,FC Barcelona,0,4,0,1,10,6,1.3,
http://api.football-data.org/v1/fixtures/153852,http://api.football-data.org/v1/competitions/436,http://api.football-data.org/v1/teams/79,http://api.football-data.org/v1/teams/84,2017-01-27T19:45:00Z,FINISHED,20,CA Osasuna,Málaga CF,1,1,0,0,3.2,3.3,2.25,
http://api.football-data.org/v1/fixtures/153855,http://api.football-data.org/v1/competitions/436,http://api.football-data.org/v1/teams/94,http://api.football-data.org/v1/teams/83,2017-01-28T12:00:00Z,FINISHED,20,Villarreal CF,Granada CF,2,0,1,0,1.36,4.5,8.5,
http://api.football-data.org/v1/fixtures/153847,http://api.football-data.org/v1/competitions/436,http://api.football-data.org/v1/teams/263,http://api.football-data.org/v1/teams/78,2017-01-28T15:15:00Z,FINISHED,20,Deportivo Alavés,Club Atlético de Madrid,0,0,0,0,7,3.6,1.57,
http://api.football-data.org/v1/fixtures/153848,http://api.football-data.org/v1/competitions/436,http://api.football-data.org/v1/teams/278,http://api.football-data.org/v1/teams/560,2017-01-28T17:30:00Z,FINISHED,20,SD Eibar,RC Deportivo La Coruna,3,1,2,1,2.05,3.5,3.5,
http://api.football-data.org/v1/fixtures/153851,http://api.football-data.org/v1/competitions/436,http://api.football-data.org/v1/teams/745,http://api.football-data.org/v1/teams/558,2017-01-28T19:45:00Z,FINISHED,20,CD Leganes,RC Celta de Vigo,0,2,0,1,2.45,3.2,3,
http://api.football-data.org/v1/fixtures/153853,http://api.football-data.org/v1/competitions/436,http://api.football-data.org/v1/teams/90,http://api.football-data.org/v1/teams/81,2017-01-29T11:00:00Z,FINISHED,20,Real Betis,FC Barcelona,1,1,0,0,15,6,1.22,
http://api.football-data.org/v1/fixtures/153849,http://api.football-data.org/v1/competitions/436,http://api.football-data.org/v1/teams/80,http://api.football-data.org/v1/teams/559,2017-01-29T15:15:00Z,FINISHED,20,RCD Espanyol,Sevilla FC,3,1,2,1,3.3,3.4,2.15,
http://api.football-data.org/v1/fixtures/153846,http://api.football-data.org/v1/competitions/436,http://api.football-data.org/v1/teams/77,http://api.football-data.org/v1/teams/96,2017-01-29T17:30:00Z,FINISHED,20,Athletic Club,Sporting Gijón,2,1,0,1,1.35,4.6,10,
http://api.football-data.org/v1/fixtures/153854,http://api.football-data.org/v1/competitions/436,http://api.football-data.org/v1/teams/86,http://api.football-data.org/v1/teams/92,2017-01-29T19:45:00Z,FINISHED,20,Real Madrid CF,Real Sociedad de Fútbol,3,0,1,0,1.22,6,13,
http://api.football-data.org/v1/fixtures/153850,http://api.football-data.org/v1/competitions/436,http://api.football-data.org/v1/teams/275,http://api.football-data.org/v1/teams/95,2017-01-30T19:45:00Z,FINISHED,20,UD Las Palmas,Valencia CF,3,1,1,1,2.5,3.4,2.7,
http://api.football-data.org/v1/fixtures/153841,http://api.football-data.org/v1/competitions/436,http://api.football-data.org/v1/teams/84,http://api.football-data.org/v1/teams/80,2017-02-04T12:00:00Z,FINISHED,21,Málaga CF,RCD Espanyol,0,1,0,1,2.1,3.3,3.6,
http://api.football-data.org/v1/fixtures/153837,http://api.football-data.org/v1/competitions/436,http://api.football-data.org/v1/teams/81,http://api.football-data.org/v1/teams/77,2017-02-04T15:15:00Z,FINISHED,21,FC Barcelona,Athletic Club,3,0,2,0,1.22,6,11,
http://api.football-data.org/v1/fixtures/153836,http://api.football-data.org/v1/competitions/436,http://api.football-data.org/v1/teams/78,http://api.football-data.org/v1/teams/745,2017-02-04T17:30:00Z,FINISHED,21,Club Atlético de Madrid,CD Leganes,2,0,1,0,1.28,4.8,15,
http://api.football-data.org/v1/fixtures/153845,http://api.football-data.org/v1/competitions/436,http://api.football-data.org/v1/teams/95,http://api.football-data.org/v1/teams/278,2017-02-04T19:45:00Z,FINISHED,21,Valencia CF,SD Eibar,0,4,0,2,1.9,3.6,3.9,
http://api.football-data.org/v1/fixtures/153843,http://api.football-data.org/v1/competitions/436,http://api.football-data.org/v1/teams/559,http://api.football-data.org/v1/teams/94,2017-02-05T11:00:00Z,FINISHED,21,Sevilla FC,Villarreal CF,0,0,0,0,1.66,3.9,5,
http://api.football-data.org/v1/fixtures/153844,http://api.football-data.org/v1/competitions/436,http://api.football-data.org/v1/teams/96,http://api.football-data.org/v1/teams/263,2017-02-05T15:15:00Z,FINISHED,21,Sporting Gijón,Deportivo Alavés,2,4,0,1,2.3,3.1,3.2,
http://api.football-data.org/v1/fixtures/153842,http://api.football-data.org/v1/competitions/436,http://api.football-data.org/v1/teams/92,http://api.football-data.org/v1/teams/79,2017-02-05T17:30:00Z,FINISHED,21,Real Sociedad de Fútbol,CA Osasuna,3,2,0,1,1.3,5,11,
http://api.football-data.org/v1/fixtures/153838,http://api.football-data.org/v1/competitions/436,http://api.football-data.org/v1/teams/558,http://api.football-data.org/v1/teams/86,2017-02-05T19:45:00Z,POSTPONED,21,RC Celta de Vigo,Real Madrid CF,,,,,7,4,1.5,
http://api.football-data.org/v1/fixtures/153840,http://api.football-data.org/v1/competitions/436,http://api.football-data.org/v1/teams/83,http://api.football-data.org/v1/teams/275,2017-02-06T19:45:00Z,FINISHED,21,Granada CF,UD Las Palmas,1,0,1,0,3.1,3.2,2.37,
http://api.football-data.org/v1/fixtures/153830,http://api.football-data.org/v1/competitions/436,http://api.football-data.org/v1/teams/80,http://api.football-data.org/v1/teams/92,2017-02-10T19:45:00Z,FINISHED,22,RCD Espanyol,Real Sociedad de Fútbol,1,2,1,1,2.6,3.2,2.75,
http://api.football-data.org/v1/fixtures/153834,http://api.football-data.org/v1/competitions/436,http://api.football-data.org/v1/teams/90,http://api.football-data.org/v1/teams/95,2017-02-11T12:00:00Z,FINISHED,22,Real Betis,Valencia CF,0,0,0,0,2.6,3.3,2.7,
http://api.football-data.org/v1/fixtures/153828,http://api.football-data.org/v1/competitions/436,http://api.football-data.org/v1/teams/263,http://api.football-data.org/v1/teams/81,2017-02-11T15:15:00Z,FINISHED,22,Deportivo Alavés,FC Barcelona,0,6,0,2,11,4.8,1.33,
http://api.football-data.org/v1/fixtures/153826,http://api.football-data.org/v1/competitions/436,http://api.football-data.org/v1/teams/77,http://api.football-data.org/v1/teams/560,2017-02-11T17:30:00Z,FINISHED,22,Athletic Club,RC Deportivo La Coruna,2,1,0,1,1.61,3.8,5.8,
http://api.football-data.org/v1/fixtures/153833,http://api.football-data.org/v1/competitions/436,http://api.football-data.org/v1/teams/79,http://api.football-data.org/v1/teams/86,2017-02-11T19:45:00Z,FINISHED,22,CA Osasuna,Real Madrid CF,1,3,1,1,13,6.5,1.22,
http://api.football-data.org/v1/fixtures/153835,http://api.football-data.org/v1/competitions/436,http://api.football-data.org/v1/teams/94,http://api.football-data.org/v1/teams/84,2017-02-12T11:00:00Z,FINISHED,22,Villarreal CF,Málaga CF,1,1,0,1,1.7,3.75,5,
http://api.football-data.org/v1/fixtures/153832,http://api.football-data.org/v1/competitions/436,http://api.football-data.org/v1/teams/745,http://api.football-data.org/v1/teams/96,2017-02-12T15:15:00Z,FINISHED,22,CD Leganes,Sporting Gijón,0,2,0,0,1.8,3.7,4.2,
http://api.football-data.org/v1/fixtures/153831,http://api.football-data.org/v1/competitions/436,http://api.football-data.org/v1/teams/275,http://api.football-data.org/v1/teams/559,2017-02-12T17:30:00Z,FINISHED,22,UD Las Palmas,Sevilla FC,0,1,0,0,3.1,3.5,2.2,
http://api.football-data.org/v1/fixtures/153827,http://api.football-data.org/v1/competitions/436,http://api.football-data.org/v1/teams/78,http://api.football-data.org/v1/teams/558,2017-02-12T19:45:00Z,FINISHED,22,Club Atlético de Madrid,RC Celta de Vigo,3,2,1,1,1.36,4.75,9,
http://api.football-data.org/v1/fixtures/153829,http://api.football-data.org/v1/competitions/436,http://api.football-data.org/v1/teams/278,http://api.football-data.org/v1/teams/83,2017-02-13T19:45:00Z,FINISHED,22,SD Eibar,Granada CF,4,0,2,0,1.6,3.9,5.8,
http://api.football-data.org/v1/fixtures/153819,http://api.football-data.org/v1/competitions/436,http://api.football-data.org/v1/teams/83,http://api.football-data.org/v1/teams/90,2017-02-17T19:45:00Z,FINISHED,23,Granada CF,Real Betis,4,1,3,0,3,3.25,2.6,
http://api.football-data.org/v1/fixtures/153824,http://api.football-data.org/v1/competitions/436,http://api.football-data.org/v1/teams/96,http://api.football-data.org/v1/teams/78,2017-02-18T12:00:00Z,FINISHED,23,Sporting Gijón,Club Atlético de Madrid,1,4,0,0,7.5,4.2,1.53,
http://api.football-data.org/v1/fixtures/153821,http://api.football-data.org/v1/competitions/436,http://api.football-data.org/v1/teams/86,http://api.football-data.org/v1/teams/80,2017-02-18T15:15:00Z,FINISHED,23,Real Madrid CF,RCD Espanyol,2,0,1,0,1.16,7.5,19,
http://api.football-data.org/v1/fixtures/153818,http://api.football-data.org/v1/competitions/436,http://api.football-data.org/v1/teams/560,http://api.football-data.org/v1/teams/263,2017-02-18T17:30:00Z,FINISHED,23,RC Deportivo La Coruna,Deportivo Alavés,0,1,0,0,2.05,3.25,4.33,
http://api.football-data.org/v1/fixtures/153823,http://api.football-data.org/v1/competitions/436,http://api.football-data.org/v1/teams/559,http://api.football-data.org/v1/teams/278,2017-02-18T19:45:00Z,FINISHED,23,Sevilla FC,SD Eibar,2,0,1,0,1.55,4.33,6.5,
http://api.football-data.org/v1/fixtures/153822,http://api.football-data.org/v1/competitions/436,http://api.football-data.org/v1/teams/92,http://api.football-data.org/v1/teams/94,2017-02-19T11:00:00Z,FINISHED,23,Real Sociedad de Fútbol,Villarreal CF,0,1,0,0,1.9,3.4,4.6,
http://api.football-data.org/v1/fixtures/153825,http://api.football-data.org/v1/competitions/436,http://api.football-data.org/v1/teams/95,http://api.football-data.org/v1/teams/77,2017-02-19T15:15:00Z,FINISHED,23,Valencia CF,Athletic Club,2,0,2,0,2.25,3.2,3.25,
http://api.football-data.org/v1/fixtures/153817,http://api.football-data.org/v1/competitions/436,http://api.football-data.org/v1/teams/558,http://api.football-data.org/v1/teams/79,2017-02-19T17:30:00Z,FINISHED,23,RC Celta de Vigo,CA Osasuna,3,0,1,0,1.6,3.8,5.8,
http://api.football-data.org/v1/fixtures/153816,http://api.football-data.org/v1/competitions/436,http://api.football-data.org/v1/teams/81,http://api.football-data.org/v1/teams/745,2017-02-19T19:45:00Z,FINISHED,23,FC Barcelona,CD Leganes,2,1,1,0,1.07,11,26,
http://api.football-data.org/v1/fixtures/153820,http://api.football-data.org/v1/competitions/436,http://api.football-data.org/v1/teams/84,http://api.football-data.org/v1/teams/275,2017-02-20T19:45:00Z,FINISHED,23,Málaga CF,UD Las Palmas,2,1,2,1,1.95,3.4,3.9,
http://api.football-data.org/v1/fixtures/153895,http://api.football-data.org/v1/competitions/436,http://api.football-data.org/v1/teams/95,http://api.football-data.org/v1/teams/86,2017-02-22T17:45:00Z,FINISHED,16,Valencia CF,Real Madrid CF,2,1,2,1,,,,
http://api.football-data.org/v1/fixtures/153811,http://api.football-data.org/v1/competitions/436,http://api.football-data.org/v1/teams/275,http://api.football-data.org/v1/teams/92,2017-02-24T19:45:00Z,FINISHED,24,UD Las Palmas,Real Sociedad de Fútbol,0,1,0,0,2.75,3.3,2.8,
http://api.football-data.org/v1/fixtures/153808,http://api.football-data.org/v1/competitions/436,http://api.football-data.org/v1/teams/263,http://api.football-data.org/v1/teams/95,2017-02-25T12:00:00Z,FINISHED,24,Deportivo Alavés,Valencia CF,2,1,0,0,2.7,3.25,2.87,
http://api.football-data.org/v1/fixtures/153813,http://api.football-data.org/v1/competitions/436,http://api.football-data.org/v1/teams/90,http://api.football-data.org/v1/teams/559,2017-02-25T15:15:00Z,FINISHED,24,Real Betis,Sevilla FC,1,2,1,0,3.7,3.6,2.1,
http://api.football-data.org/v1/fixtures/153812,http://api.football-data.org/v1/competitions/436,http://api.football-data.org/v1/teams/745,http://api.football-data.org/v1/teams/560,2017-02-25T17:30:00Z,FINISHED,24,CD Leganes,RC Deportivo La Coruna,4,0,2,0,2.45,3.25,3.2,
http://api.football-data.org/v1/fixtures/153809,http://api.football-data.org/v1/competitions/436,http://api.football-data.org/v1/teams/278,http://api.football-data.org/v1/teams/84,2017-02-25T19:45:00Z,FINISHED,24,SD Eibar,Málaga CF,3,0,1,0,2.05,3.6,3.7,
http://api.football-data.org/v1/fixtures/153810,http://api.football-data.org/v1/competitions/436,http://api.football-data.org/v1/teams/80,http://api.football-data.org/v1/teams/79,2017-02-26T11:00:00Z,FINISHED,24,RCD Espanyol,CA Osasuna,3,0,1,0,1.65,3.5,6,
http://api.football-data.org/v1/fixtures/153807,http://api.football-data.org/v1/competitions/436,http://api.football-data.org/v1/teams/78,http://api.football-data.org/v1/teams/81,2017-02-26T15:15:00Z,FINISHED,24,Club Atlético de Madrid,FC Barcelona,1,2,0,0,2.9,3.25,2.4,
http://api.football-data.org/v1/fixtures/153814,http://api.football-data.org/v1/competitions/436,http://api.football-data.org/v1/teams/96,http://api.football-data.org/v1/teams/558,2017-02-26T17:30:00Z,FINISHED,24,Sporting Gijón,RC Celta de Vigo,1,1,0,0,2.7,3.1,2.7,
http://api.football-data.org/v1/fixtures/153806,http://api.football-data.org/v1/competitions/436,http://api.football-data.org/v1/teams/77,http://api.football-data.org/v1/teams/83,2017-02-26T17:30:00Z,FINISHED,24,Athletic Club,Granada CF,3,1,2,1,1.44,4.2,7.5,
http://api.football-data.org/v1/fixtures/153815,http://api.football-data.org/v1/competitions/436,http://api.football-data.org/v1/teams/94,http://api.football-data.org/v1/teams/86,2017-02-26T19:45:00Z,FINISHED,24,Villarreal CF,Real Madrid CF,2,3,0,0,5,3.75,1.66,
http://api.football-data.org/v1/fixtures/153803,http://api.football-data.org/v1/competitions/436,http://api.football-data.org/v1/teams/92,http://api.football-data.org/v1/teams/278,2017-02-28T18:30:00Z,FINISHED,25,Real Sociedad de Fútbol,SD Eibar,2,2,1,1,1.8,3.6,4.5,
http://api.football-data.org/v1/fixtures/153805,http://api.football-data.org/v1/competitions/436,http://api.football-data.org/v1/teams/95,http://api.football-data.org/v1/teams/745,2017-02-28T20:30:00Z,FINISHED,25,Valencia CF,CD Leganes,1,0,1,0,1.61,3.7,6,
http://api.football-data.org/v1/fixtures/153800,http://api.football-data.org/v1/competitions/436,http://api.football-data.org/v1/teams/84,http://api.football-data.org/v1/teams/90,2017-02-28T20:30:00Z,FINISHED,25,Málaga CF,Real Betis,1,2,1,0,2.05,3.6,3.5,
http://api.football-data.org/v1/fixtures/153796,http://api.football-data.org/v1/competitions/436,http://api.football-data.org/v1/teams/81,http://api.football-data.org/v1/teams/96,2017-03-01T18:30:00Z,FINISHED,25,FC Barcelona,Sporting Gijón,6,1,3,1,1.07,12,41,
http://api.football-data.org/v1/fixtures/153801,http://api.football-data.org/v1/competitions/436,http://api.football-data.org/v1/teams/79,http://api.football-data.org/v1/teams/94,2017-03-01T18:30:00Z,FINISHED,25,CA Osasuna,Villarreal CF,1,4,0,2,3.8,3.5,1.95,
http://api.football-data.org/v1/fixtures/153797,http://api.football-data.org/v1/competitions/436,http://api.football-data.org/v1/teams/558,http://api.football-data.org/v1/teams/80,2017-03-01T20:30:00Z,FINISHED,25,RC Celta de Vigo,RCD Espanyol,2,2,2,2,1.95,3.5,3.9,
http://api.football-data.org/v1/fixtures/153799,http://api.football-data.org/v1/competitions/436,http://api.football-data.org/v1/teams/83,http://api.football-data.org/v1/teams/263,2017-03-01T20:30:00Z,FINISHED,25,Granada CF,Deportivo Alavés,2,1,1,0,2.7,3.1,2.7,
http://api.football-data.org/v1/fixtures/153802,http://api.football-data.org/v1/competitions/436,http://api.football-data.org/v1/teams/86,http://api.football-data.org/v1/teams/275,2017-03-01T20:30:00Z,FINISHED,25,Real Madrid CF,UD Las Palmas,3,3,1,1,1.15,7.5,21,
http://api.football-data.org/v1/fixtures/153798,http://api.football-data.org/v1/competitions/436,http://api.football-data.org/v1/teams/560,http://api.football-data.org/v1/teams/78,2017-03-02T19:45:00Z,FINISHED,25,RC Deportivo La Coruna,Club Atlético de Madrid,1,1,1,0,5.5,3.5,1.66,
http://api.football-data.org/v1/fixtures/153804,http://api.football-data.org/v1/competitions/436,http://api.football-data.org/v1/teams/559,http://api.football-data.org/v1/teams/77,2017-03-02T20:30:00Z,FINISHED,25,Sevilla FC,Athletic Club,1,0,1,0,1.65,3.9,5,
http://api.football-data.org/v1/fixtures/153793,http://api.football-data.org/v1/competitions/436,http://api.football-data.org/v1/teams/90,http://api.football-data.org/v1/teams/92,2017-03-03T19:45:00Z,FINISHED,26,Real Betis,Real Sociedad de Fútbol,2,3,1,2,2.6,3.1,3.2,
http://api.football-data.org/v1/fixtures/153792,http://api.football-data.org/v1/competitions/436,http://api.football-data.org/v1/teams/745,http://api.football-data.org/v1/teams/83,2017-03-04T12:00:00Z,FINISHED,26,CD Leganes,Granada CF,1,0,0,0,1.83,3.6,5,
http://api.football-data.org/v1/fixtures/153790,http://api.football-data.org/v1/competitions/436,http://api.football-data.org/v1/teams/278,http://api.football-data.org/v1/teams/86,2017-03-04T15:15:00Z,FINISHED,26,SD Eibar,Real Madrid CF,1,4,0,3,6.5,4.2,1.57,
http://api.football-data.org/v1/fixtures/153795,http://api.football-data.org/v1/competitions/436,http://api.football-data.org/v1/teams/94,http://api.football-data.org/v1/teams/80,2017-03-04T17:30:00Z,FINISHED,26,Villarreal CF,RCD Espanyol,2,0,1,0,1.75,3.75,5,
http://api.football-data.org/v1/fixtures/153788,http://api.football-data.org/v1/competitions/436,http://api.football-data.org/v1/teams/81,http://api.football-data.org/v1/teams/558,2017-03-04T19:45:00Z,FINISHED,26,FC Barcelona,RC Celta de Vigo,5,0,2,0,1.15,11,21,
http://api.football-data.org/v1/fixtures/153794,http://api.football-data.org/v1/competitions/436,http://api.football-data.org/v1/teams/96,http://api.football-data.org/v1/teams/560,2017-03-05T11:00:00Z,FINISHED,26,Sporting Gijón,RC Deportivo La Coruna,0,1,0,1,2.62,3.3,2.87,
http://api.football-data.org/v1/fixtures/153787,http://api.football-data.org/v1/competitions/436,http://api.football-data.org/v1/teams/78,http://api.football-data.org/v1/teams/95,2017-03-05T15:15:00Z,FINISHED,26,Club Atlético de Madrid,Valencia CF,3,0,1,0,1.44,4.2,7.5,
http://api.football-data.org/v1/fixtures/153791,http://api.football-data.org/v1/competitions/436,http://api.football-data.org/v1/teams/275,http://api.football-data.org/v1/teams/79,2017-03-05T17:30:00Z,FINISHED,26,UD Las Palmas,CA Osasuna,5,2,1,2,1.57,4,5.5,
http://api.football-data.org/v1/fixtures/153786,http://api.football-data.org/v1/competitions/436,http://api.football-data.org/v1/teams/77,http://api.football-data.org/v1/teams/84,2017-03-05T19:45:00Z,FINISHED,26,Athletic Club,Málaga CF,1,0,0,0,1.8,3.7,4.33,
http://api.football-data.org/v1/fixtures/153789,http://api.football-data.org/v1/competitions/436,http://api.football-data.org/v1/teams/263,http://api.football-data.org/v1/teams/559,2017-03-06T19:45:00Z,FINISHED,26,Deportivo Alavés,Sevilla FC,1,1,0,1,3.9,3.3,2,
http://api.football-data.org/v1/fixtures/153839,http://api.football-data.org/v1/competitions/436,http://api.football-data.org/v1/teams/560,http://api.football-data.org/v1/teams/90,2017-03-08T17:45:00Z,FINISHED,21,RC Deportivo La Coruna,Real Betis,1,1,,,2.15,3.4,3.7,
http://api.football-data.org/v1/fixtures/153778,http://api.football-data.org/v1/competitions/436,http://api.football-data.org/v1/teams/80,http://api.football-data.org/v1/teams/275,2017-03-10T19:45:00Z,FINISHED,27,RCD Espanyol,UD Las Palmas,4,3,,,2.05,3.4,3.5,
http://api.football-data.org/v1/fixtures/153785,http://api.football-data.org/v1/competitions/436,http://api.football-data.org/v1/teams/95,http://api.football-data.org/v1/teams/96,2017-03-11T12:00:00Z,FINISHED,27,Valencia CF,Sporting Gijón,1,1,,,1.5,4.2,6.5,
http://api.football-data.org/v1/fixtures/153784,http://api.football-data.org/v1/competitions/436,http://api.football-data.org/v1/teams/559,http://api.football-data.org/v1/teams/745,2017-03-11T15:15:00Z,FINISHED,27,Sevilla FC,CD Leganes,1,1,,,1.44,4.2,8.5,
http://api.football-data.org/v1/fixtures/153780,http://api.football-data.org/v1/competitions/436,http://api.football-data.org/v1/teams/84,http://api.football-data.org/v1/teams/263,2017-03-11T17:30:00Z,FINISHED,27,Málaga CF,Deportivo Alavés,1,2,,,1.9,3.5,3.9,
http://api.football-data.org/v1/fixtures/153779,http://api.football-data.org/v1/competitions/436,http://api.football-data.org/v1/teams/83,http://api.football-data.org/v1/teams/78,2017-03-11T19:45:00Z,FINISHED,27,Granada CF,Club Atlético de Madrid,0,1,,,7.5,4.2,1.44,
http://api.football-data.org/v1/fixtures/153783,http://api.football-data.org/v1/competitions/436,http://api.football-data.org/v1/teams/92,http://api.football-data.org/v1/teams/77,2017-03-12T11:00:00Z,FINISHED,27,Real Sociedad de Fútbol,Athletic Club,0,2,,,2.05,3.4,3.5,
http://api.football-data.org/v1/fixtures/153777,http://api.football-data.org/v1/competitions/436,http://api.football-data.org/v1/teams/560,http://api.football-data.org/v1/teams/81,2017-03-12T15:15:00Z,FINISHED,27,RC Deportivo La Coruna,FC Barcelona,2,1,,,13,5.8,1.25,
http://api.football-data.org/v1/fixtures/153776,http://api.football-data.org/v1/competitions/436,http://api.football-data.org/v1/teams/558,http://api.football-data.org/v1/teams/94,2017-03-12T17:30:00Z,FINISHED,27,RC Celta de Vigo,Villarreal CF,0,1,,,2.4,3.3,2.9,
http://api.football-data.org/v1/fixtures/153782,http://api.football-data.org/v1/competitions/436,http://api.football-data.org/v1/teams/86,http://api.football-data.org/v1/teams/90,2017-03-12T19:45:00Z,FINISHED,27,Real Madrid CF,Real Betis,2,1,,,1.11,9,29,
http://api.football-data.org/v1/fixtures/153781,http://api.football-data.org/v1/competitions/436,http://api.football-data.org/v1/teams/79,http://api.football-data.org/v1/teams/278,2017-03-13T19:45:00Z,FINISHED,27,CA Osasuna,SD Eibar,1,1,,,3,3.3,2.37,
http://api.football-data.org/v1/fixtures/153772,http://api.football-data.org/v1/competitions/436,http://api.football-data.org/v1/teams/275,http://api.football-data.org/v1/teams/94,2017-03-17T19:45:00Z,TIMED,28,UD Las Palmas,Villarreal CF,,,,,,,,
http://api.football-data.org/v1/fixtures/153771,http://api.football-data.org/v1/competitions/436,http://api.football-data.org/v1/teams/278,http://api.football-data.org/v1/teams/80,2017-03-18T12:00:00Z,TIMED,28,SD Eibar,RCD Espanyol,,,,,,,,
http://api.football-data.org/v1/fixtures/153766,http://api.football-data.org/v1/competitions/436,http://api.football-data.org/v1/teams/77,http://api.football-data.org/v1/teams/86,2017-03-18T15:15:00Z,TIMED,28,Athletic Club,Real Madrid CF,,,,,,,,
http://api.football-data.org/v1/fixtures/153769,http://api.football-data.org/v1/competitions/436,http://api.football-data.org/v1/teams/263,http://api.football-data.org/v1/teams/92,2017-03-18T17:30:00Z,TIMED,28,Deportivo Alavés,Real Sociedad de Fútbol,,,,,,,,
http://api.football-data.org/v1/fixtures/153774,http://api.football-data.org/v1/competitions/436,http://api.football-data.org/v1/teams/90,http://api.football-data.org/v1/teams/79,2017-03-18T19:45:00Z,TIMED,28,Real Betis,CA Osasuna,,,,,,,,
http://api.football-data.org/v1/fixtures/153773,http://api.football-data.org/v1/competitions/436,http://api.football-data.org/v1/teams/745,http://api.football-data.org/v1/teams/84,2017-03-19T11:00:00Z,TIMED,28,CD Leganes,Málaga CF,,,,,,,,
http://api.football-data.org/v1/fixtures/153767,http://api.football-data.org/v1/competitions/436,http://api.football-data.org/v1/teams/78,http://api.football-data.org/v1/teams/559,2017-03-19T15:15:00Z,TIMED,28,Club Atlético de Madrid,Sevilla FC,,,,,,,,
http://api.football-data.org/v1/fixtures/153770,http://api.football-data.org/v1/competitions/436,http://api.football-data.org/v1/teams/560,http://api.football-data.org/v1/teams/558,2017-03-19T17:30:00Z,TIMED,28,RC Deportivo La Coruna,RC Celta de Vigo,,,,,,,,
http://api.football-data.org/v1/fixtures/153775,http://api.football-data.org/v1/competitions/436,http://api.football-data.org/v1/teams/96,http://api.football-data.org/v1/teams/83,2017-03-19T17:30:00Z,TIMED,28,Sporting Gijón,Granada CF,,,,,,,,
http://api.football-data.org/v1/fixtures/153768,http://api.football-data.org/v1/competitions/436,http://api.football-data.org/v1/teams/81,http://api.football-data.org/v1/teams/95,2017-03-19T19:45:00Z,TIMED,28,FC Barcelona,Valencia CF,,,,,,,,
http://api.football-data.org/v1/fixtures/153760,http://api.football-data.org/v1/competitions/436,http://api.football-data.org/v1/teams/79,http://api.football-data.org/v1/teams/77,2017-04-02T15:00:00Z,SCHEDULED,29,CA Osasuna,Athletic Club,,,,,,,,
http://api.football-data.org/v1/fixtures/153756,http://api.football-data.org/v1/competitions/436,http://api.football-data.org/v1/teams/558,http://api.football-data.org/v1/teams/275,2017-04-02T15:00:00Z,SCHEDULED,29,RC Celta de Vigo,UD Las Palmas,,,,,,,,
http://api.football-data.org/v1/fixtures/153757,http://api.football-data.org/v1/competitions/436,http://api.football-data.org/v1/teams/80,http://api.football-data.org/v1/teams/90,2017-04-02T15:00:00Z,SCHEDULED,29,RCD Espanyol,Real Betis,,,,,,,,
http://api.football-data.org/v1/fixtures/153758,http://api.football-data.org/v1/competitions/436,http://api.football-data.org/v1/teams/83,http://api.football-data.org/v1/teams/81,2017-04-02T15:00:00Z,SCHEDULED,29,Granada CF,FC Barcelona,,,,,,,,
http://api.football-data.org/v1/fixtures/153759,http://api.football-data.org/v1/competitions/436,http://api.football-data.org/v1/teams/84,http://api.football-data.org/v1/teams/78,2017-04-02T15:00:00Z,SCHEDULED,29,Málaga CF,Club Atlético de Madrid,,,,,,,,
http://api.football-data.org/v1/fixtures/153765,http://api.football-data.org/v1/competitions/436,http://api.football-data.org/v1/teams/94,http://api.football-data.org/v1/teams/278,2017-04-02T15:00:00Z,SCHEDULED,29,Villarreal CF,SD Eibar,,,,,,,,
http://api.football-data.org/v1/fixtures/153761,http://api.football-data.org/v1/competitions/436,http://api.football-data.org/v1/teams/86,http://api.football-data.org/v1/teams/263,2017-04-02T15:00:00Z,SCHEDULED,29,Real Madrid CF,Deportivo Alavés,,,,,,,,
http://api.football-data.org/v1/fixtures/153762,http://api.football-data.org/v1/competitions/436,http://api.football-data.org/v1/teams/92,http://api.football-data.org/v1/teams/745,2017-04-02T15:00:00Z,SCHEDULED,29,Real Sociedad de Fútbol,CD Leganes,,,,,,,,
http://api.football-data.org/v1/fixtures/153763,http://api.football-data.org/v1/competitions/436,http://api.football-data.org/v1/teams/559,http://api.football-data.org/v1/teams/96,2017-04-02T15:00:00Z,SCHEDULED,29,Sevilla FC,Sporting Gijón,,,,,,,,
http://api.football-data.org/v1/fixtures/153764,http://api.football-data.org/v1/competitions/436,http://api.football-data.org/v1/teams/95,http://api.football-data.org/v1/teams/560,2017-04-02T15:00:00Z,SCHEDULED,29,Valencia CF,RC Deportivo La Coruna,,,,,,,,
http://api.football-data.org/v1/fixtures/153748,http://api.football-data.org/v1/competitions/436,http://api.football-data.org/v1/teams/81,http://api.football-data.org/v1/teams/559,2017-04-05T15:00:00Z,SCHEDULED,30,FC Barcelona,Sevilla FC,,,,,,,,
http://api.football-data.org/v1/fixtures/153747,http://api.football-data.org/v1/competitions/436,http://api.football-data.org/v1/teams/78,http://api.football-data.org/v1/teams/92,2017-04-05T15:00:00Z,SCHEDULED,30,Club Atlético de Madrid,Real Sociedad de Fútbol,,,,,,,,
http://api.football-data.org/v1/fixtures/153746,http://api.football-data.org/v1/competitions/436,http://api.football-data.org/v1/teams/77,http://api.football-data.org/v1/teams/80,2017-04-05T15:00:00Z,SCHEDULED,30,Athletic Club,RCD Espanyol,,,,,,,,
http://api.football-data.org/v1/fixtures/153749,http://api.football-data.org/v1/competitions/436,http://api.football-data.org/v1/teams/263,http://api.football-data.org/v1/teams/79,2017-04-05T15:00:00Z,SCHEDULED,30,Deportivo Alavés,CA Osasuna,,,,,,,,
http://api.football-data.org/v1/fixtures/153750,http://api.football-data.org/v1/competitions/436,http://api.football-data.org/v1/teams/560,http://api.football-data.org/v1/teams/83,2017-04-05T15:00:00Z,SCHEDULED,30,RC Deportivo La Coruna,Granada CF,,,,,,,,
http://api.football-data.org/v1/fixtures/153751,http://api.football-data.org/v1/competitions/436,http://api.football-data.org/v1/teams/278,http://api.football-data.org/v1/teams/275,2017-04-05T15:00:00Z,SCHEDULED,30,SD Eibar,UD Las Palmas,,,,,,,,
http://api.football-data.org/v1/fixtures/153752,http://api.football-data.org/v1/competitions/436,http://api.football-data.org/v1/teams/745,http://api.football-data.org/v1/teams/86,2017-04-05T15:00:00Z,SCHEDULED,30,CD Leganes,Real Madrid CF,,,,,,,,
http://api.football-data.org/v1/fixtures/153753,http://api.football-data.org/v1/competitions/436,http://api.football-data.org/v1/teams/90,http://api.football-data.org/v1/teams/94,2017-04-05T15:00:00Z,SCHEDULED,30,Real Betis,Villarreal CF,,,,,,,,
http://api.football-data.org/v1/fixtures/153754,http://api.football-data.org/v1/competitions/436,http://api.football-data.org/v1/teams/96,http://api.football-data.org/v1/teams/84,2017-04-05T15:00:00Z,SCHEDULED,30,Sporting Gijón,Málaga CF,,,,,,,,
http://api.football-data.org/v1/fixtures/153755,http://api.football-data.org/v1/competitions/436,http://api.football-data.org/v1/teams/95,http://api.football-data.org/v1/teams/558,2017-04-05T15:00:00Z,SCHEDULED,30,Valencia CF,RC Celta de Vigo,,,,,,,,
http://api.football-data.org/v1/fixtures/153736,http://api.football-data.org/v1/competitions/436,http://api.football-data.org/v1/teams/558,http://api.football-data.org/v1/teams/278,2017-04-09T15:00:00Z,SCHEDULED,31,RC Celta de Vigo,SD Eibar,,,,,,,,
http://api.football-data.org/v1/fixtures/153737,http://api.football-data.org/v1/competitions/436,http://api.football-data.org/v1/teams/80,http://api.football-data.org/v1/teams/263,2017-04-09T15:00:00Z,SCHEDULED,31,RCD Espanyol,Deportivo Alavés,,,,,,,,
http://api.football-data.org/v1/fixtures/153739,http://api.football-data.org/v1/competitions/436,http://api.football-data.org/v1/teams/275,http://api.football-data.org/v1/teams/90,2017-04-09T15:00:00Z,SCHEDULED,31,UD Las Palmas,Real Betis,,,,,,,,
http://api.football-data.org/v1/fixtures/153740,http://api.football-data.org/v1/competitions/436,http://api.football-data.org/v1/teams/84,http://api.football-data.org/v1/teams/81,2017-04-09T15:00:00Z,SCHEDULED,31,Málaga CF,FC Barcelona,,,,,,,,
http://api.football-data.org/v1/fixtures/153741,http://api.football-data.org/v1/competitions/436,http://api.football-data.org/v1/teams/79,http://api.football-data.org/v1/teams/745,2017-04-09T15:00:00Z,SCHEDULED,31,CA Osasuna,CD Leganes,,,,,,,,
http://api.football-data.org/v1/fixtures/153742,http://api.football-data.org/v1/competitions/436,http://api.football-data.org/v1/teams/86,http://api.football-data.org/v1/teams/78,2017-04-09T15:00:00Z,SCHEDULED,31,Real Madrid CF,Club Atlético de Madrid,,,,,,,,
http://api.football-data.org/v1/fixtures/153743,http://api.football-data.org/v1/competitions/436,http://api.football-data.org/v1/teams/92,http://api.football-data.org/v1/teams/96,2017-04-09T15:00:00Z,SCHEDULED,31,Real Sociedad de Fútbol,Sporting Gijón,,,,,,,,
http://api.football-data.org/v1/fixtures/153744,http://api.football-data.org/v1/competitions/436,http://api.football-data.org/v1/teams/559,http://api.football-data.org/v1/teams/560,2017-04-09T15:00:00Z,SCHEDULED,31,Sevilla FC,RC Deportivo La Coruna,,,,,,,,
http://api.football-data.org/v1/fixtures/153745,http://api.football-data.org/v1/competitions/436,http://api.football-data.org/v1/teams/94,http://api.football-data.org/v1/teams/77,2017-04-09T15:00:00Z,SCHEDULED,31,Villarreal CF,Athletic Club,,,,,,,,
http://api.football-data.org/v1/fixtures/153738,http://api.football-data.org/v1/competitions/436,http://api.football-data.org/v1/teams/83,http://api.football-data.org/v1/teams/95,2017-04-09T15:00:00Z,SCHEDULED,31,Granada CF,Valencia CF,,,,,,,,
http://api.football-data.org/v1/fixtures/153729,http://api.football-data.org/v1/competitions/436,http://api.football-data.org/v1/teams/263,http://api.football-data.org/v1/teams/94,2017-04-16T15:00:00Z,SCHEDULED,32,Deportivo Alavés,Villarreal CF,,,,,,,,
http://api.football-data.org/v1/fixtures/153728,http://api.football-data.org/v1/competitions/436,http://api.football-data.org/v1/teams/81,http://api.football-data.org/v1/teams/92,2017-04-16T15:00:00Z,SCHEDULED,32,FC Barcelona,Real Sociedad de Fútbol,,,,,,,,
http://api.football-data.org/v1/fixtures/153727,http://api.football-data.org/v1/competitions/436,http://api.football-data.org/v1/teams/78,http://api.football-data.org/v1/teams/79,2017-04-16T15:00:00Z,SCHEDULED,32,Club Atlético de Madrid,CA Osasuna,,,,,,,,
http://api.football-data.org/v1/fixtures/153726,http://api.football-data.org/v1/competitions/436,http://api.football-data.org/v1/teams/77,http://api.football-data.org/v1/teams/275,2017-04-16T15:00:00Z,SCHEDULED,32,Athletic Club,UD Las Palmas,,,,,,,,
http://api.football-data.org/v1/fixtures/153730,http://api.football-data.org/v1/competitions/436,http://api.football-data.org/v1/teams/560,http://api.football-data.org/v1/teams/84,2017-04-16T15:00:00Z,SCHEDULED,32,RC Deportivo La Coruna,Málaga CF,,,,,,,,
http://api.football-data.org/v1/fixtures/153731,http://api.football-data.org/v1/competitions/436,http://api.football-data.org/v1/teams/83,http://api.football-data.org/v1/teams/558,2017-04-16T15:00:00Z,SCHEDULED,32,Granada CF,RC Celta de Vigo,,,,,,,,
http://api.football-data.org/v1/fixtures/153732,http://api.football-data.org/v1/competitions/436,http://api.football-data.org/v1/teams/745,http://api.football-data.org/v1/teams/80,2017-04-16T15:00:00Z,SCHEDULED,32,CD Leganes,RCD Espanyol,,,,,,,,
http://api.football-data.org/v1/fixtures/153733,http://api.football-data.org/v1/competitions/436,http://api.football-data.org/v1/teams/90,http://api.football-data.org/v1/teams/278,2017-04-16T15:00:00Z,SCHEDULED,32,Real Betis,SD Eibar,,,,,,,,
http://api.football-data.org/v1/fixtures/153734,http://api.football-data.org/v1/competitions/436,http://api.football-data.org/v1/teams/96,http://api.football-data.org/v1/teams/86,2017-04-16T15:00:00Z,SCHEDULED,32,Sporting Gijón,Real Madrid CF,,,,,,,,
http://api.football-data.org/v1/fixtures/153735,http://api.football-data.org/v1/competitions/436,http://api.football-data.org/v1/teams/95,http://api.football-data.org/v1/teams/559,2017-04-16T15:00:00Z,SCHEDULED,32,Valencia CF,Sevilla FC,,,,,,,,
http://api.football-data.org/v1/fixtures/153719,http://api.football-data.org/v1/competitions/436,http://api.football-data.org/v1/teams/275,http://api.football-data.org/v1/teams/263,2017-04-23T15:00:00Z,SCHEDULED,33,UD Las Palmas,Deportivo Alavés,,,,,,,,
http://api.football-data.org/v1/fixtures/153718,http://api.football-data.org/v1/competitions/436,http://api.football-data.org/v1/teams/80,http://api.football-data.org/v1/teams/78,2017-04-23T15:00:00Z,SCHEDULED,33,RCD Espanyol,Club Atlético de Madrid,,,,,,,,
http://api.football-data.org/v1/fixtures/153717,http://api.football-data.org/v1/competitions/436,http://api.football-data.org/v1/teams/278,http://api.football-data.org/v1/teams/77,2017-04-23T15:00:00Z,SCHEDULED,33,SD Eibar,Athletic Club,,,,,,,,
http://api.football-data.org/v1/fixtures/153716,http://api.football-data.org/v1/competitions/436,http://api.football-data.org/v1/teams/558,http://api.football-data.org/v1/teams/90,2017-04-23T15:00:00Z,SCHEDULED,33,RC Celta de Vigo,Real Betis,,,,,,,,
http://api.football-data.org/v1/fixtures/153720,http://api.football-data.org/v1/competitions/436,http://api.football-data.org/v1/teams/84,http://api.football-data.org/v1/teams/95,2017-04-23T15:00:00Z,SCHEDULED,33,Málaga CF,Valencia CF,,,,,,,,
http://api.football-data.org/v1/fixtures/153721,http://api.football-data.org/v1/competitions/436,http://api.football-data.org/v1/teams/79,http://api.football-data.org/v1/teams/96,2017-04-23T15:00:00Z,SCHEDULED,33,CA Osasuna,Sporting Gijón,,,,,,,,
http://api.football-data.org/v1/fixtures/153722,http://api.football-data.org/v1/competitions/436,http://api.football-data.org/v1/teams/86,http://api.football-data.org/v1/teams/81,2017-04-23T15:00:00Z,SCHEDULED,33,Real Madrid CF,FC Barcelona,,,,,,,,
http://api.football-data.org/v1/fixtures/153723,http://api.football-data.org/v1/competitions/436,http://api.football-data.org/v1/teams/92,http://api.football-data.org/v1/teams/560,2017-04-23T15:00:00Z,SCHEDULED,33,Real Sociedad de Fútbol,RC Deportivo La Coruna,,,,,,,,
http://api.football-data.org/v1/fixtures/153724,http://api.football-data.org/v1/competitions/436,http://api.football-data.org/v1/teams/559,http://api.football-data.org/v1/teams/83,2017-04-23T15:00:00Z,SCHEDULED,33,Sevilla FC,Granada CF,,,,,,,,
http://api.football-data.org/v1/fixtures/153725,http://api.football-data.org/v1/competitions/436,http://api.football-data.org/v1/teams/94,http://api.football-data.org/v1/teams/745,2017-04-23T15:00:00Z,SCHEDULED,33,Villarreal CF,CD Leganes,,,,,,,,
http://api.football-data.org/v1/fixtures/153708,http://api.football-data.org/v1/competitions/436,http://api.football-data.org/v1/teams/81,http://api.football-data.org/v1/teams/79,2017-04-26T15:00:00Z,SCHEDULED,34,FC Barcelona,CA Osasuna,,,,,,,,
http://api.football-data.org/v1/fixtures/153707,http://api.football-data.org/v1/competitions/436,http://api.football-data.org/v1/teams/78,http://api.football-data.org/v1/teams/94,2017-04-26T15:00:00Z,SCHEDULED,34,Club Atlético de Madrid,Villarreal CF,,,,,,,,
http://api.football-data.org/v1/fixtures/153714,http://api.football-data.org/v1/competitions/436,http://api.football-data.org/v1/teams/96,http://api.football-data.org/v1/teams/80,2017-04-26T15:00:00Z,SCHEDULED,34,Sporting Gijón,RCD Espanyol,,,,,,,,
http://api.football-data.org/v1/fixtures/153706,http://api.football-data.org/v1/competitions/436,http://api.football-data.org/v1/teams/77,http://api.football-data.org/v1/teams/90,2017-04-26T15:00:00Z,SCHEDULED,34,Athletic Club,Real Betis,,,,,,,,
http://api.football-data.org/v1/fixtures/153709,http://api.football-data.org/v1/competitions/436,http://api.football-data.org/v1/teams/263,http://api.football-data.org/v1/teams/278,2017-04-26T15:00:00Z,SCHEDULED,34,Deportivo Alavés,SD Eibar,,,,,,,,
http://api.football-data.org/v1/fixtures/153710,http://api.football-data.org/v1/competitions/436,http://api.football-data.org/v1/teams/560,http://api.football-data.org/v1/teams/86,2017-04-26T15:00:00Z,SCHEDULED,34,RC Deportivo La Coruna,Real Madrid CF,,,,,,,,
http://api.football-data.org/v1/fixtures/153711,http://api.football-data.org/v1/competitions/436,http://api.football-data.org/v1/teams/83,http://api.football-data.org/v1/teams/84,2017-04-26T15:00:00Z,SCHEDULED,34,Granada CF,Málaga CF,,,,,,,,
http://api.football-data.org/v1/fixtures/153712,http://api.football-data.org/v1/competitions/436,http://api.football-data.org/v1/teams/745,http://api.football-data.org/v1/teams/275,2017-04-26T15:00:00Z,SCHEDULED,34,CD Leganes,UD Las Palmas,,,,,,,,
http://api.football-data.org/v1/fixtures/153713,http://api.football-data.org/v1/competitions/436,http://api.football-data.org/v1/teams/559,http://api.football-data.org/v1/teams/558,2017-04-26T15:00:00Z,SCHEDULED,34,Sevilla FC,RC Celta de Vigo,,,,,,,,
http://api.football-data.org/v1/fixtures/153715,http://api.football-data.org/v1/competitions/436,http://api.football-data.org/v1/teams/95,http://api.football-data.org/v1/teams/92,2017-04-26T15:00:00Z,SCHEDULED,34,Valencia CF,Real Sociedad de Fútbol,,,,,,,,
http://api.football-data.org/v1/fixtures/153696,http://api.football-data.org/v1/competitions/436,http://api.football-data.org/v1/teams/558,http://api.football-data.org/v1/teams/77,2017-04-30T15:00:00Z,SCHEDULED,35,RC Celta de Vigo,Athletic Club,,,,,,,,
http://api.football-data.org/v1/fixtures/153697,http://api.football-data.org/v1/competitions/436,http://api.football-data.org/v1/teams/278,http://api.football-data.org/v1/teams/745,2017-04-30T15:00:00Z,SCHEDULED,35,SD Eibar,CD Leganes,,,,,,,,
http://api.football-data.org/v1/fixtures/153698,http://api.football-data.org/v1/competitions/436,http://api.football-data.org/v1/teams/80,http://api.football-data.org/v1/teams/81,2017-04-30T15:00:00Z,SCHEDULED,35,RCD Espanyol,FC Barcelona,,,,,,,,
http://api.football-data.org/v1/fixtures/153699,http://api.football-data.org/v1/competitions/436,http://api.football-data.org/v1/teams/275,http://api.football-data.org/v1/teams/78,2017-04-30T15:00:00Z,SCHEDULED,35,UD Las Palmas,Club Atlético de Madrid,,,,,,,,
http://api.football-data.org/v1/fixtures/153700,http://api.football-data.org/v1/competitions/436,http://api.football-data.org/v1/teams/84,http://api.football-data.org/v1/teams/559,2017-04-30T15:00:00Z,SCHEDULED,35,Málaga CF,Sevilla FC,,,,,,,,
http://api.football-data.org/v1/fixtures/153701,http://api.football-data.org/v1/competitions/436,http://api.football-data.org/v1/teams/79,http://api.football-data.org/v1/teams/560,2017-04-30T15:00:00Z,SCHEDULED,35,CA Osasuna,RC Deportivo La Coruna,,,,,,,,
http://api.football-data.org/v1/fixtures/153702,http://api.football-data.org/v1/competitions/436,http://api.football-data.org/v1/teams/90,http://api.football-data.org/v1/teams/263,2017-04-30T15:00:00Z,SCHEDULED,35,Real Betis,Deportivo Alavés,,,,,,,,
http://api.football-data.org/v1/fixtures/153703,http://api.football-data.org/v1/competitions/436,http://api.football-data.org/v1/teams/86,http://api.football-data.org/v1/teams/95,2017-04-30T15:00:00Z,SCHEDULED,35,Real Madrid CF,Valencia CF,,,,,,,,
http://api.football-data.org/v1/fixtures/153704,http://api.football-data.org/v1/competitions/436,http://api.football-data.org/v1/teams/92,http://api.football-data.org/v1/teams/83,2017-04-30T15:00:00Z,SCHEDULED,35,Real Sociedad de Fútbol,Granada CF,,,,,,,,
http://api.football-data.org/v1/fixtures/153705,http://api.football-data.org/v1/competitions/436,http://api.football-data.org/v1/teams/94,http://api.football-data.org/v1/teams/96,2017-04-30T15:00:00Z,SCHEDULED,35,Villarreal CF,Sporting Gijón,,,,,,,,
http://api.football-data.org/v1/fixtures/153688,http://api.football-data.org/v1/competitions/436,http://api.football-data.org/v1/teams/263,http://api.football-data.org/v1/teams/77,2017-05-07T15:00:00Z,SCHEDULED,36,Deportivo Alavés,Athletic Club,,,,,,,,
http://api.football-data.org/v1/fixtures/153687,http://api.football-data.org/v1/competitions/436,http://api.football-data.org/v1/teams/81,http://api.football-data.org/v1/teams/94,2017-05-07T15:00:00Z,SCHEDULED,36,FC Barcelona,Villarreal CF,,,,,,,,
http://api.football-data.org/v1/fixtures/153686,http://api.football-data.org/v1/competitions/436,http://api.football-data.org/v1/teams/78,http://api.football-data.org/v1/teams/278,2017-05-07T15:00:00Z,SCHEDULED,36,Club Atlético de Madrid,SD Eibar,,,,,,,,
http://api.football-data.org/v1/fixtures/153690,http://api.football-data.org/v1/competitions/436,http://api.football-data.org/v1/teams/83,http://api.football-data.org/v1/teams/86,2017-05-07T15:00:00Z,SCHEDULED,36,Granada CF,Real Madrid CF,,,,,,,,
http://api.football-data.org/v1/fixtures/153689,http://api.football-data.org/v1/competitions/436,http://api.football-data.org/v1/teams/560,http://api.football-data.org/v1/teams/80,2017-05-07T15:00:00Z,SCHEDULED,36,RC Deportivo La Coruna,RCD Espanyol,,,,,,,,
http://api.football-data.org/v1/fixtures/153691,http://api.football-data.org/v1/competitions/436,http://api.football-data.org/v1/teams/745,http://api.football-data.org/v1/teams/90,2017-05-07T15:00:00Z,SCHEDULED,36,CD Leganes,Real Betis,,,,,,,,
http://api.football-data.org/v1/fixtures/153692,http://api.football-data.org/v1/competitions/436,http://api.football-data.org/v1/teams/84,http://api.football-data.org/v1/teams/558,2017-05-07T15:00:00Z,SCHEDULED,36,Málaga CF,RC Celta de Vigo,,,,,,,,
http://api.football-data.org/v1/fixtures/153693,http://api.football-data.org/v1/competitions/436,http://api.football-data.org/v1/teams/559,http://api.football-data.org/v1/teams/92,2017-05-07T15:00:00Z,SCHEDULED,36,Sevilla FC,Real Sociedad de Fútbol,,,,,,,,
http://api.football-data.org/v1/fixtures/153694,http://api.football-data.org/v1/competitions/436,http://api.football-data.org/v1/teams/96,http://api.football-data.org/v1/teams/275,2017-05-07T15:00:00Z,SCHEDULED,36,Sporting Gijón,UD Las Palmas,,,,,,,,
http://api.football-data.org/v1/fixtures/153695,http://api.football-data.org/v1/competitions/436,http://api.football-data.org/v1/teams/95,http://api.football-data.org/v1/teams/79,2017-05-07T15:00:00Z,SCHEDULED,36,Valencia CF,CA Osasuna,,,,,,,,
http://api.football-data.org/v1/fixtures/153678,http://api.football-data.org/v1/competitions/436,http://api.football-data.org/v1/teams/278,http://api.football-data.org/v1/teams/96,2017-05-14T15:00:00Z,SCHEDULED,37,SD Eibar,Sporting Gijón,,,,,,,,
http://api.football-data.org/v1/fixtures/153676,http://api.football-data.org/v1/competitions/436,http://api.football-data.org/v1/teams/77,http://api.football-data.org/v1/teams/745,2017-05-14T15:00:00Z,SCHEDULED,37,Athletic Club,CD Leganes,,,,,,,,
http://api.football-data.org/v1/fixtures/153679,http://api.football-data.org/v1/competitions/436,http://api.football-data.org/v1/teams/80,http://api.football-data.org/v1/teams/95,2017-05-14T15:00:00Z,SCHEDULED,37,RCD Espanyol,Valencia CF,,,,,,,,
http://api.football-data.org/v1/fixtures/153680,http://api.football-data.org/v1/competitions/436,http://api.football-data.org/v1/teams/275,http://api.football-data.org/v1/teams/81,2017-05-14T15:00:00Z,SCHEDULED,37,UD Las Palmas,FC Barcelona,,,,,,,,
http://api.football-data.org/v1/fixtures/153681,http://api.football-data.org/v1/competitions/436,http://api.football-data.org/v1/teams/79,http://api.football-data.org/v1/teams/83,2017-05-14T15:00:00Z,SCHEDULED,37,CA Osasuna,Granada CF,,,,,,,,
http://api.football-data.org/v1/fixtures/153682,http://api.football-data.org/v1/competitions/436,http://api.football-data.org/v1/teams/90,http://api.football-data.org/v1/teams/78,2017-05-14T15:00:00Z,SCHEDULED,37,Real Betis,Club Atlético de Madrid,,,,,,,,
http://api.football-data.org/v1/fixtures/153683,http://api.football-data.org/v1/competitions/436,http://api.football-data.org/v1/teams/86,http://api.football-data.org/v1/teams/559,2017-05-14T15:00:00Z,SCHEDULED,37,Real Madrid CF,Sevilla FC,,,,,,,,
http://api.football-data.org/v1/fixtures/153684,http://api.football-data.org/v1/competitions/436,http://api.football-data.org/v1/teams/92,http://api.football-data.org/v1/teams/84,2017-05-14T15:00:00Z,SCHEDULED,37,Real Sociedad de Fútbol,Málaga CF,,,,,,,,
http://api.football-data.org/v1/fixtures/153685,http://api.football-data.org/v1/competitions/436,http://api.football-data.org/v1/teams/94,http://api.football-data.org/v1/teams/560,2017-05-14T15:00:00Z,SCHEDULED,37,Villarreal CF,RC Deportivo La Coruna,,,,,,,,
http://api.football-data.org/v1/fixtures/153677,http://api.football-data.org/v1/competitions/436,http://api.football-data.org/v1/teams/263,http://api.football-data.org/v1/teams/558,2017-05-14T15:00:00Z,SCHEDULED,37,Deportivo Alavés,RC Celta de Vigo,,,,,,,,
http://api.football-data.org/v1/fixtures/153667,http://api.football-data.org/v1/competitions/436,http://api.football-data.org/v1/teams/81,http://api.football-data.org/v1/teams/278,2017-05-21T15:00:00Z,SCHEDULED,38,FC Barcelona,SD Eibar,,,,,,,,
http://api.football-data.org/v1/fixtures/153668,http://api.football-data.org/v1/competitions/436,http://api.football-data.org/v1/teams/558,http://api.football-data.org/v1/teams/92,2017-05-21T15:00:00Z,SCHEDULED,38,RC Celta de Vigo,Real Sociedad de Fútbol,,,,,,,,
http://api.football-data.org/v1/fixtures/153669,http://api.football-data.org/v1/competitions/436,http://api.football-data.org/v1/teams/560,http://api.football-data.org/v1/teams/275,2017-05-21T15:00:00Z,SCHEDULED,38,RC Deportivo La Coruna,UD Las Palmas,,,,,,,,
http://api.football-data.org/v1/fixtures/153670,http://api.football-data.org/v1/competitions/436,http://api.football-data.org/v1/teams/83,http://api.football-data.org/v1/teams/80,2017-05-21T15:00:00Z,SCHEDULED,38,Granada CF,RCD Espanyol,,,,,,,,
http://api.football-data.org/v1/fixtures/153672,http://api.football-data.org/v1/competitions/436,http://api.football-data.org/v1/teams/84,http://api.football-data.org/v1/teams/86,2017-05-21T15:00:00Z,SCHEDULED,38,Málaga CF,Real Madrid CF,,,,,,,,
http://api.football-data.org/v1/fixtures/153673,http://api.football-data.org/v1/competitions/436,http://api.football-data.org/v1/teams/559,http://api.football-data.org/v1/teams/79,2017-05-21T15:00:00Z,SCHEDULED,38,Sevilla FC,CA Osasuna,,,,,,,,
http://api.football-data.org/v1/fixtures/153674,http://api.football-data.org/v1/competitions/436,http://api.football-data.org/v1/teams/96,http://api.football-data.org/v1/teams/90,2017-05-21T15:00:00Z,SCHEDULED,38,Sporting Gijón,Real Betis,,,,,,,,
http://api.football-data.org/v1/fixtures/153675,http://api.football-data.org/v1/competitions/436,http://api.football-data.org/v1/teams/95,http://api.football-data.org/v1/teams/94,2017-05-21T15:00:00Z,SCHEDULED,38,Valencia CF,Villarreal CF,,,,,,,,
http://api.football-data.org/v1/fixtures/153666,http://api.football-data.org/v1/competitions/436,http://api.football-data.org/v1/teams/78,http://api.football-data.org/v1/teams/77,2017-05-21T15:00:00Z,SCHEDULED,38,Club Atlético de Madrid,Athletic Club,,,,,,,,
http://api.football-data.org/v1/fixtures/153671,http://api.football-data.org/v1/competitions/436,http://api.football-data.org/v1/teams/745,http://api.football-data.org/v1/teams/263,2017-05-21T15:00:00Z,SCHEDULED,38,CD Leganes,Deportivo Alavés,,,,,,,,
